-- phpMyAdmin SQL Dump
-- version 5.2.0
-- https://www.phpmyadmin.net/
--
-- Host: 127.0.0.1
-- Generation Time: Nov 23, 2022 at 07:12 AM
-- Server version: 10.4.24-MariaDB
-- PHP Version: 8.1.6

SET SQL_MODE = "NO_AUTO_VALUE_ON_ZERO";
START TRANSACTION;
SET time_zone = "+00:00";


/*!40101 SET @OLD_CHARACTER_SET_CLIENT=@@CHARACTER_SET_CLIENT */;
/*!40101 SET @OLD_CHARACTER_SET_RESULTS=@@CHARACTER_SET_RESULTS */;
/*!40101 SET @OLD_COLLATION_CONNECTION=@@COLLATION_CONNECTION */;
/*!40101 SET NAMES utf8mb4 */;

--
-- Database: `turtletypinguser`
--

-- --------------------------------------------------------

--
-- Table structure for table `diffculty_languages`
--

CREATE TABLE `diffculty_languages` (
  `difficulty_id` varchar(255) COLLATE utf8mb4_unicode_ci NOT NULL,
  `language_id` varchar(255) COLLATE utf8mb4_unicode_ci NOT NULL,
  `created_at` timestamp NULL DEFAULT NULL,
  `updated_at` timestamp NULL DEFAULT NULL
) ENGINE=InnoDB DEFAULT CHARSET=utf8mb4 COLLATE=utf8mb4_unicode_ci;

-- --------------------------------------------------------

--
-- Table structure for table `difficulties`
--

CREATE TABLE `difficulties` (
  `id` bigint(20) UNSIGNED NOT NULL,
  `diff` varchar(255) COLLATE utf8mb4_unicode_ci NOT NULL,
  `created_at` timestamp NULL DEFAULT NULL,
  `updated_at` timestamp NULL DEFAULT NULL
) ENGINE=InnoDB DEFAULT CHARSET=utf8mb4 COLLATE=utf8mb4_unicode_ci;

--
-- Dumping data for table `difficulties`
--

INSERT INTO `difficulties` (`id`, `diff`, `created_at`, `updated_at`) VALUES
(1, 'easy', NULL, NULL),
(2, 'normal', NULL, NULL),
(3, 'hard', NULL, NULL);

-- --------------------------------------------------------

--
-- Table structure for table `failed_jobs`
--

CREATE TABLE `failed_jobs` (
  `id` bigint(20) UNSIGNED NOT NULL,
  `uuid` varchar(255) COLLATE utf8mb4_unicode_ci NOT NULL,
  `connection` text COLLATE utf8mb4_unicode_ci NOT NULL,
  `queue` text COLLATE utf8mb4_unicode_ci NOT NULL,
  `payload` longtext COLLATE utf8mb4_unicode_ci NOT NULL,
  `exception` longtext COLLATE utf8mb4_unicode_ci NOT NULL,
  `failed_at` timestamp NOT NULL DEFAULT current_timestamp()
) ENGINE=InnoDB DEFAULT CHARSET=utf8mb4 COLLATE=utf8mb4_unicode_ci;

-- --------------------------------------------------------

--
-- Table structure for table `languages`
--

CREATE TABLE `languages` (
  `id` bigint(20) UNSIGNED NOT NULL,
  `lang` varchar(255) COLLATE utf8mb4_unicode_ci NOT NULL,
  `created_at` timestamp NULL DEFAULT NULL,
  `updated_at` timestamp NULL DEFAULT NULL
) ENGINE=InnoDB DEFAULT CHARSET=utf8mb4 COLLATE=utf8mb4_unicode_ci;

--
-- Dumping data for table `languages`
--

INSERT INTO `languages` (`id`, `lang`, `created_at`, `updated_at`) VALUES
(1, 'Thai', NULL, NULL),
(2, 'English', NULL, NULL);

-- --------------------------------------------------------

--
-- Table structure for table `lessonparts`
--

CREATE TABLE `lessonparts` (
  `id` bigint(20) UNSIGNED NOT NULL,
  `name` varchar(255) COLLATE utf8mb4_unicode_ci NOT NULL,
  `content` varchar(255) COLLATE utf8mb4_unicode_ci NOT NULL,
  `language_id` varchar(255) COLLATE utf8mb4_unicode_ci NOT NULL,
  `lessontitle_id` varchar(255) COLLATE utf8mb4_unicode_ci NOT NULL,
  `created_at` timestamp NULL DEFAULT NULL,
  `updated_at` timestamp NULL DEFAULT NULL
) ENGINE=InnoDB DEFAULT CHARSET=utf8mb4 COLLATE=utf8mb4_unicode_ci;

--
-- Dumping data for table `lessonparts`
--

INSERT INTO `lessonparts` (`id`, `name`, `content`, `language_id`, `lessontitle_id`, `created_at`, `updated_at`) VALUES
(1, 'บทเรียนที่ 1', 'กวด่ฟ กดฟห าวาส าวาห่ หสหส ดาวว สดด่ห ห่สวฟ ห่สหา วสสฟ สส่ดฟ่ สฟวก หฟ่ฟห่ าดดส าวาส ฟสฟส สด่าว่ ฟกฟด ฟสกา าดหส ฟหวส ก่กหว หวหห ดาสก', '', '1', NULL, NULL),
(2, 'แป้นเหย้า', 'ฟฟ หห กก ดด ว่ฟ่ าา สส วว ฟห กด ่า สว วส าว่ ดก หฟ วฟดก ฟหฟา ดวดด ฟสาส่ ฟวดด วกฟว วดฟ่ด่ ส่วกก ฟฟกห หหาส ฟฟาส่ กดกก ดหกฟ ดวหก ฟกห่ส ดฟวด ดวดด สวฟก าหวห', '', '1', NULL, NULL),
(3, 'แป้นสำหรับฝึกพิมพ์', 'กาาห สาวส่ ากาก สาหฟ สด่ฟด สดหว่ วว่หก วด่วห วกดฟ่ าว่สด สห่ฟห่ หฟาฟ ด่วสก ฟกาห ฟาดว ากสฟ ฟสสว กดดห่ หหฟว ากดก ฟดกส กดสว หกฟด ฟวดห', '', '1', NULL, NULL),
(4, 'แป้นใหม่: ำ และ ร', 'ดำรำ รร ดำรำ รร สำร สำร สำร สำร รดำ รดำ รดำ รดำ รำรหำวำ สำรรวำ รดรำสำ รรสำดำ สำสำรสำ รหำรร รรำวำกำ วำรำรวำ รหำกำร รรกำร รหำกำร รสำรรำ', '', '2', NULL, NULL),
(5, 'แป้นสำหรับฝึกพิมพ์', 'วรฟห กสกา ฟ่วว่ห่ ส่สำดำฟ สฟกดำ กสกา สรหำร สำว่รำด ดำารส หรฟรำ ฟวรก กดำด่ร รสวำด สหาว ด่าวด ก่วำวห หวำาา ดรฟดำ สดรำส ดววส ดวาด ฟาดรำ กดำรส ห่วำรำา ', '', '2', NULL, NULL),
(6, 'คำที่ไม่รู้มาก่อนสำหรับฝึกพิมพ์', 'ดารา ดารา ดารา หรา หรา หรา ดาดรา ดาดรา ดาดรา สาร สาร สาร กรด กรด กรด สหการ สหการ สหการ รกราก รกราก รกราก หาร หาร หาร กราก กราก กราก สสาร สสาร สสาร', '', '2', NULL, NULL),
(7, 'แป้นใหม่: ไ และ น', 'ไไ นน ไไ นน ไน ไน ไน ไน นไ นไ นไ นไ นไนน ไนไไ นไนไ ไนไไ นไนน ไไนน ไไนน นนไไ ไนไน ไนไน นไนน ไนไไ ไวรน นฟนด นนวำไ รานน', '', '3', NULL, NULL),
(8, 'แป้นสำหรับฝึกพิมพ์', 'ไนากำ วำดำห่ไ นนก่น าหไไ าดวำไ กสวดำ นสำไร สรส่ก กวาก ดก่นา ไกำนน สฟนร ไกฟสำ หำารร กวดน กำไสรำ รหรไ ไนาว นไนว่ วกาไ ฟดนา ไไสว ไดไว รสสรำ ', '', '3', NULL, NULL),
(9, 'คำที่ไม่รู้มาก่อนสำหรับฝึกพิมพ์', 'กาน กาน ก่น ก่น ดาน ดาน ไร่ ไร่ รสนา รสนา นาก นาก ส่วน ส่วน ไกว ไกว กวน กวน หว่าน หว่าน กำหนด กำหนด สวน สวน การวน การวน ห่าน ห่าน', '', '3', NULL, NULL),
(10, 'แป้นใหม่: ้ และ เ', 'เเ ฟ้ห้ เเ ฟ้ห้ เร้ เร้ เร้ เร้ ร้เ ร้เ ร้เ ร้เ ฟ้ไ้เเ ว้ส้เเ ด้ไ้เด้ น้เก้ไ้ ห้ร้เฟ้ เฟ้ด้ก้ เเด้ก้ ฟ้เว้ก้ เก้ร้ด้ น้เด้เ เก้เเ ไ้ฟ้เเ น้กน้ฟ้ วเสส เสหฟ เน้ห้ห', '', '4', NULL, NULL),
(11, 'แป้นสำหรับฝึกพิมพ์', 'ก้าน ก้าน ด้าน ด้าน น้ำไว น้ำไว เสวก เสวก เก้ เก้ กวานาเร กวานาเร เสวนา เสวนา ร่ำไห้ ร่ำไห้ ด้านหน้า ด้านหน้า เวน เวน ก้าว ก้าว น้ำหวาน น้ำหวาน กำด้น กำด้น หน้ากาก หน้ากาก', '', '4', NULL, NULL),
(12, 'คำที่ไม่รู้มาก่อนสำหรับฝึกพิมพ์', 'เสา เสา กาน้ำ กาน้ำ เสก เสก เด่ เด่ ห้ำ ห้ำ น้ำวน น้ำวน เร้น เร้น ส้น ส้น เห่า เห่า เส้น เส้น เรา เรา ไฟฟ้า ไฟฟ้า สำเนา สำเนา ก้ำ ก้ำ ก้น ก้น เฟาเวส เฟาเวส', '', '4', NULL, NULL),
(13, 'แป้นใหม่: ี และ พ', 'พพ สีพี พพ สีพี พพี พพี พพี พพี ดีพ ดีพ ดีพ ดีพ พพกีพ รีพพีกี หีหีพพ พพวีพ พฟีหีวี สีกีพพี หีหีสีรี รีพสีพ วีพพวี พสีดีรี พดีพพ พกีดีฟี ', '', '5', NULL, NULL),
(14, 'แป้นสำหรับฝึกพิมพ์', 'หวี หวี เพา เพา ดีด ดีด กี่ กี่ รดี รดี ไพร ไพร พนาด พนาด นาวี นาวี หรีด หรีด ไพร่ ไพร่ พนาดร พนาดร รำไพ รำไพ ดีกรี ดีกรี พกพา พกพา วีน วีน ดีเด่น ดีเด่น', '', '5', NULL, NULL),
(15, 'คำที่ไม่รู้มาก่อนสำหรับฝึกพิมพ์', 'พนา พนา พ่น พ่น เรนี เรนี หนี้ หนี้ สกี สกี พร่ำ พร่ำ นี่ นี่ ดี้ ดี้ ได้ดี ได้ดี พร่า พร่า เพนนี เพนนี ฟรี ฟรี กวี กวี สรรพ สรรพ ส่าหรี ส่าหรี พวก พวก ราสี ราสี นกหวีด นกหวีด หวีด หวีด เพดาน เพดาน เสรี เสรี', '', '5', NULL, NULL),
(16, 'แป้นใหม่: ๆ และ ย', 'ๆๆ ยย ๆๆ ยย ๆย ๆย ๆย ๆย ยๆ ยๆ ยๆ ยๆ ๆยๆ ๆๆยย ๆๆยย ยๆยย ๆๆยๆ ยยๆย ยยๆย ยยๆๆ ๆยๆย ยๆๆย ๆยๆๆ ๆๆยย ยพสำกำ ยยรๆ เกยห ว่าๆย', '', '6', NULL, NULL),
(17, 'แป้นสำหรับฝึกพิมพ์', 'พราย พราย ดาย ดาย ห่วย ห่วย เย้า เย้า ยาหยี ยาหยี ว้าย ว้าย ยาว ยาว ว่าร้าย ว่าร้าย กราย กราย เหี่ยว เหี่ยว การยำ การยำ ยาน้ำ ยาน้ำ เพรียว เพรียว เกียน เกียน ย้ำ ย้ำ ยาวเหยียด ยาวเหยียด', '', '6', NULL, NULL),
(18, 'คำที่ไม่รู้มาก่อนสำหรับฝึกพิมพ์', 'เสี้ยว ร่ำรวย วาย เพี้ยน ส่าย เสวย หยวก นายก หยี เสียดาย ไสยา เสียสาว เสียว สายไฟ เกย เย้ย เวียนนา เสนียด เส้นสาย เน่าเสีย รวย เสีย เยี่ยว ส่วย ยาวรี เกรี้ยว ย่า พวย ยากนาน การยกเว้น ', '', '6', NULL, NULL),
(19, 'แป้นใหม่: อ และ ท', 'ออ ทท ออ ทท อท อท อท อท ทอ ทอ ทอ ทอ ออทอ อทออ อททอ ททออ อทอท ททออ อทออ ออทท ออทอ อทอท ททออ อททอ อเนๆ ๆทดอ ทอทท ทหพๆ', '', '7', NULL, NULL),
(20, 'แป้นสำหรับฝึกพิมพ์', 'เอ้อ เอ้อ เอย เอย อาสา อาสา อ้า อ้า พร่อย พร่อย อ้อน อ้อน ดอย ดอย ทาสทาน ทาสทาน หอน หอน ย่าทวด ย่าทวด ดอส ดอส ที่ไหน ที่ไหน อีก อีก สาวน้อย สาวน้อย ', '', '7', NULL, NULL),
(21, 'คำที่ไม่รู้มาก่อนสำหรับฝึกพิมพ์', 'การยอ อยากได้ อาน ทดท้อ ทำนา อดทน เอกา พร้อย เอ่อ เทียว เท่า นอกกาย ได้ท้าย หอย เอียน เอไอที ไทย ท่าที รอย เทวี ย่อย่น น่าอร่อย หน่อย เท้อ อร่อย ไดอาน่า เทพยดา เห่อ เก้อ อกไก่ ออดอ้อน', '', '7', NULL, NULL),
(22, 'แป้นใหม่: แ และ ม', 'แแ มม แแ มม แม แม แม แม มแ มแ มแ มแ มมแแ มมแม มมแแ มแแม แมแแ แแมแ มแแม แแม แมแมแ แมแม มแมแ แแมแ ว่ฟมน วแสำท แห่หย แๆเแ ', '', '8', NULL, NULL),
(23, 'แป้นสำหรับฝึกพิมพ์', 'แม่น แม่น ห้อม ห้อม ไอแดด ไอแดด แก้ม แก้ม หนาม หนาม เยเมน เยเมน หมอก หมอก รวมยอด รวมยอด ดีมอน ดีมอน มาเดรา มาเดรา สแกน สแกน หน้าแหก หน้าแหก หน้าไม้ หน้าไม้ แรกนา แรกนา', '', '8', NULL, NULL),
(24, 'คำที่ไม่รู้มาก่อนสำหรับฝึกพิมพ์', 'อีแก่ สาวแส้ สยาม แดดดี้ แหวก สำรวม แม่นยำ แพ่น มรดก แรมรอน แกมมา อ่อนแอ แก้ว พนาราม ไม้ยมก แหวน ดราม่า ยกแก้ว เสมอมา แอ่น แม้น แก้ที ที่แท้ เมียน้อย สีแสด แน่แท้ หมายยา สมหมาย ไม่ดี กรรมเวร ', '', '8', NULL, NULL),
(25, 'แป้นใหม่: ั และ ะ', 'ะะ อัดั ะะ อัดั ะวั ะวั ะวั ะวั หัะ หัะ หัะ หัะ ยัะทัะ ะหัะะ อัะมัะ มัฟัมัวั อัดัะดั ะนัะะ ดัะสัะ ะะดัวั ะมัะยั ะะัะะ ทัดัสัะ หัทัมัะ ', '', '9', NULL, NULL),
(26, 'แป้นสำหรับฝึกพิมพ์', 'สาระ สาระ แหยะ แหยะ แหมะ แหมะ มีนัย มีนัย สะกาย สะกาย กระทำ กระทำ แดยัน แดยัน อัฟกัน อัฟกัน กันสาด กันสาด หมั้น หมั้น มนัส มนัส หัวเก่า หัวเก่า ระกะ ระกะ ทวารหนัก ทวารหนัก', '', '9', NULL, NULL),
(27, 'คำที่ไม่รู้มาก่อนสำหรับฝึกพิมพ์', 'กระสะ เดาะ มัทนะ กะทันหัน เทอะ สมัยกรีก กระพรวน นัดแนะ หักอก อัมมาน ฟาดฟัน เหยาะ พีนัท กำกัด กระเพาะ ระเด่น หายกัน กะหมอก พัวพัน นัดแนะ หนักอก มั่ว ระฟ้า กรดมะนาว รัสสระ เสียวฟัน อะไร หมายมั่น ระยะ แกะรอย ', '', '9', NULL, NULL),
(28, 'แป้นใหม่: บ และ ง', 'บบ งง บบ งง บง บง บง บง งบ งบ งบ งบ บบงง งงบง งงบบ บงบง บงบง งงบง บบงบ งบงบ งงบบ บงบง บงบง บบงบ ะบงส งบงง งหงอ รแไไ้', '', '10', NULL, NULL),
(29, 'แป้นสำหรับฝึกพิมพ์', 'ดาบส ดาบส สำทับ สำทับ เบ่ง เบ่ง น้ำทรง น้ำทรง รับได้ รับได้ พนัง พนัง นอกบท นอกบท บางที บางที ทับแพ ทับแพ รังแก รังแก เพรง เพรง แบเรียม แบเรียม สมทบ สมทบ แม่บ้าน แม่บ้าน', '', '10', NULL, NULL),
(30, 'คำที่ไม่รู้มาก่อนสำหรับฝึกพิมพ์', 'ยังกะ พนอง บางกอก ระบาด อะนัมบรา เทพบดี บั่นทอน ทาบทาม เบนเว กระหัง งานวัด ระงม กังหัน ห้าง หัวแรง งอกเงย การเพ่ง วาววับ พานพบ เบี่ยง น่าสงสัย ไมยราบ รับฟัง ร้อง หันวับ เบ่ง ทางเท้า การกำกับ ดีงาม', '', '10', NULL, NULL),
(31, 'แป้นใหม่: ิ และ ื', 'ดิดิ รืหื ดิดิ รืหื มิบื มิบื มิบื มิบื ทือิ ทือิ ทือิ ทือิ หิสืทืพิ ดิทืฟิอื อืหืวิอื ฟืดิอืสิ อืกืรืวื ดิกิสือื อิฟิพิริ ฟืนืวืดิ ฟิยืทืกื กืฟืวืกื บืทืนือิ ฟืบิดิบื ', '', '11', NULL, NULL),
(32, 'แป้นสำหรับฝึกพิมพ์', 'ทื่อ ทื่อ วิบวับ วิบวับ มืดมิด มืดมิด เบือน เบือน มิสทีน มิสทีน ม้ามืด ม้ามืด บ้าบิ่น บ้าบิ่น นิกาย นิกาย หารือ หารือ ห้องมืด ห้องมืด เสือดาว เสือดาว พริ้ง พริ้ง เหมือด เหมือด เมื่อไร เมื่อไร รากดิน รากดิน แนวเรือ แนวเรือ  ', '', '11', NULL, NULL),
(33, 'คำที่ไม่รู้มาก่อนสำหรับฝึกพิมพ์', 'กะทิ พิกัน เมืองนรก เท่าเดิม อิริยา สืบมา เกริ่น สืบหา เรือนไฟ เนื้อไก่ เงื่อน ที่ดิน บทนิยาม อมมือ หามิได้ ไม้มืด เงินยวง ทัพเรือ เบามือ หืดหอบ เทพสิง มือเบา สินสมรส ยืดเยื้อ บังเกิด หมิ่น สายสะดือ', '', '11', NULL, NULL),
(34, 'แป้นใหม่: ป และ ใ', 'ปป ใใ ปป ใใ ปใ ปใ ปใ ปใ ใป ใป ใป ใป ใใปใ ปใปใ ใใปใ ปใปใ ปปใใ ใปใป ใปใป ปใใป ใปใใ ใใปใ ปปใป ใใปใ รำปใะ อิดปใ ปกดก รอเทิ ', '', '12', NULL, NULL),
(35, 'แป้นสำหรับฝึกพิมพ์', 'ปวดมวน ปวดมวน ยองใย ยองใย ประดา ประดา แห่งใด แห่งใด แป้ง แป้ง ปั้นหยา ปั้นหยา เปิด เปิด ปิดป้อง ปิดป้อง ใบเบิก ใบเบิก ปากกา ปากกา ปีนัง ปีนัง เสียดใบ เสียดใบ ทริป ทริป แป้งหมี่ แป้งหมี่', '', '12', NULL, NULL),
(36, 'คำที่ไม่รู้มาก่อนสำหรับฝึกพิมพ์', 'เปรียว ประนอม เทอราปี สวมใส่ ใบยา เปิดไฟ อามาปา เพื่อให้ ในที่นี้ ท้อป การใบ้ วาปี ในแง่ ทั่วไป รอดไป ใหม่ ป่าวร้อง ในสังกัด ยอมให้ น้ำประปา เนยใส ปาดหน้า ก้นปอด ห่วงใย ใบ้หวย ใบไม้ อากัป ป่าดงดิบ ประสานงา ราวป่า', '', '12', NULL, NULL),
(37, 'แป้นใหม่:ผ และ ฝ', 'ผผ ฝฝ ผผ ฝฝ ผฝ ผฝ ผฝ ผฝ ฝผ ฝผ ฝผ ฝผ ฝผฝฝ ผฝผฝ ฝฝผผ ฝผฝผ ฝผฝฝ ฝผฝผ ผผฝผ ฝผฝผ ฝผฝผ ผผฝฝ ฝผฝฝ ฝผฝผ ผฝผเ อฝผอ ผยดร ฝๆผะ', '', '13', NULL, NULL),
(38, 'แป้นสำหรับฝึกพิมพ์', 'เผาะ เผาะ ผสาน ผสาน กระผม กระผม ผ้าสไบ ผ้าสไบ รากฝอย รากฝอย ฝีปาก ฝีปาก ผง่าน ผง่าน รับฝาก รับฝาก ดัดผม ดัดผม บิดผัน บิดผัน ฝนกรด ฝนกรด บ่มผิว บ่มผิว พยับฝน พยับฝน แผนที่ แผนที่ ', '', '13', NULL, NULL),
(39, 'คำที่ไม่รู้มาก่อนสำหรับฝึกพิมพ์', 'เฝ้ารอ ผิวหนัง ฝากผี การผ่อน ผ่อง ฝีเท้า ดงไผ่ รหัสผ่าน ฝ่ายบิดา การฝาก ออกฝี ฝืนทน ผีเสื้อ ฝ่ายใน ฝักฝ่าย ฝั่ง ฝักเพกา เผอเรอ นมผง ผิวสองสี เฝ้า ผมเปีย ผิวเนียน บัปผาสะ ฝังราก ผ้าแดง แฝกหอม แผนงาน ผืนน้ำ การใฝ่หา ', '', '13', NULL, NULL),
(40, 'แป้นใหม่:ล และ ฃ', 'ลล ฃฃ ลล ฃฃ ลฃ ลฃ ลฃ ลฃ ฃล ฃล ฃล ฃล ลฃลล ลฃลฃ ฃลลฃ ฃฃลล ลฃฃล ฃลลฃ ฃลลฃ ฃลลฃ ลฃลฃ ฃลฃล ฃฃลล ลฃลล หละง ลปลฃ ทืนืดฃ มลาล', '', '14', NULL, NULL),
(41, 'แป้นสำหรับฝึกพิมพ์', 'ลิ่ม ลิ่ม ลอกแบบ ลอกแบบ ทรงพลัง ทรงพลัง ล้าง ล้าง ดัลลัส ดัลลัส ลมกรด ลมกรด ทะเลบ้า ทะเลบ้า ลามะ ลามะ พยาบาล พยาบาล ละเว้น ละเว้น กล่องดำ กล่องดำ ลงฝัก ลงฝัก ปล้อน ปล้อน ยืดเวลา ยืดเวลา', '', '14', NULL, NULL),
(42, 'คำที่ไม่รู้มาก่อนสำหรับฝึกพิมพ์', 'ทะเล้น ลอเรน กัลยา แผ่หลา สับปลับ เลดี้ รวมเล่ม มลสาร ล้อหลัง อะไหล่ แหละ ดีปลี กลาย เสียกบาล สละเวลา ดิลี วนาลัย กลิ้ม ละลวย พลิก เลมอน ฟังเพลง หักหลัง งีบหลับ พลิ้ว ปลัด การผลัก ปลาร้า บังเพลิง เอวกลม ', '', '14', NULL, NULL),
(43, 'แป้นใหม่: ภ, ค และ ต', 'ภภ คค ตต ภภ คค ตต ภค ต ภค ต ภค ต ภค ต ตค ภ ตค ภ ตค ภ ตค ภ ภตตภ ภภคค ตคภต ภคภต ตคภภ ตภคต คภภต ตตภภ ตภตภ คตภต คภตต ภคคต', '', '15', NULL, NULL),
(44, 'แป้นสำหรับฝึกพิมพ์', 'ภาคี ภาคี แคร่ แคร่ ระคาย ระคาย อนาคต อนาคต คลี่ คลี่ เตาผิง เตาผิง ตะเพิง ตะเพิง ภักดี ภักดี ภายใน ภายใน ภวันดร ภวันดร ภากร ภากร ภายหน้า ภายหน้า มานิต มานิต แผนภาพ แผนภาพ เสาวภา', '', '15', NULL, NULL),
(45, 'คำที่ไม่รู้มาก่อนสำหรับฝึกพิมพ์', 'สมภาร ภังคี นาตาลี เภกะ อภิรดี ทางตัน ภาคผนวก คงคา คันเร่ง ตะเภา ใบตอง ต่อตา ตะกรน ตั้งท่า ปลอกคอ วิภาส คิดออก ตรงไหน ตั้งหลัก ภรรดา หมดสภาพ ตัวเงิน สเตป ลอยคอดีเครม นอกคอก กามภพ นภาลัย ตรงตัว คลื่นไส้  ', '', '15', NULL, NULL),
(46, 'แป้นใหม่:ถ, จ และ ข', 'ถถ จจ ขข ถถ จจ ขข ถจ ข ถจ ข ถจ ข ถจ ข ขจ ถ ขจ ถ ขจ ถ ขจ ถ ถขจถ ถจจถ ขขถถ ขขจจ ขถจจ ขขจถ จจขจ จขจจ จถจข ขถจข ถจถข ขขถข ', '', '16', NULL, NULL),
(47, 'แป้นสำหรับฝึกพิมพ์', 'แจกแจง แจกแจง เถิด เถิด ขนาย ขนาย เจ้าที่ เจ้าที่ ขาดงาน ขาดงาน จับใจ จับใจ เถียร เถียร ข่มนาม ข่มนาม ขายส่ง ขายส่ง ขี้งอน ขี้งอน เอาจริง เอาจริง แพ้ใจ แพ้ใจ จะจะ จะจะ ถอนหายใจ ถอนหายใจ', '', '16', NULL, NULL),
(48, 'คำที่ไม่รู้มาก่อนสำหรับฝึกพิมพ์', 'ถ้วนถี่ สาแก่ใจ ลิขิต รถบัส ข่มใจ ขนแมว ขันตี ถอนหายใจ เขนย เขยื้อน ข่มใจ จัสติน ขัดยอก เลยเถิด จัดทำ จองเวร จำนวนนับ ขดงอ อิตถี ทางรถไฟ ย่ามใจ การไข่ เพจวิว ได้ขนาด สายตรวจ จัดแถว จำหระ การจด จำหน่าย ถอดความ ', '', '16', NULL, NULL),
(49, 'แป้นใหม่:  ุ, ึและ ช', 'สุดุ กึะึ ชช สุดุ กึะึ ชช ฝุกึ ช ฝุกึ ช ชฟึ คุ ชฟึ คุ จุบุชทึ ฝุกุชรึ ชนึชหุ พึจุยึช ลุชอึจึ ชชบึพึ ชกึชลุ ดึดุคุงุ มุปึฟุขึ ชกึขุฝึ ชขุชบึ รึถุชช ', '', '17', NULL, NULL),
(50, 'แป้นสำหรับฝึกพิมพ์', 'ดัชนี ดัชนี ชีวิต ชีวิต ชื่นชม ชื่นชม ตะพึด ตะพึด หลุม หลุม ชำระคืน ชำระคืน พึ่บ พึ่บ สืบสกุล สืบสกุล ชิงดวง ชิงดวง การชน การชน หวนนึก หวนนึก พิชิต พิชิต เชิงลบ เชิงลบ ทุรชาติ ทุรชาติ', '', '17', NULL, NULL),
(51, 'คำที่ไม่รู้มาก่อนสำหรับฝึกพิมพ์', 'ชาวเหนือ ชุ่ม รำพึง ครึ้ม ตอนดึก เชิงกล นึกคิด ผรุสวาท ทุ้ม ถุงน่อง มุมกลับ บึ่ง ตรึกตรอง ชั้นเลว ชนบท มึนตึง ถามถึง อึงอล ช่อง อุบอิบ บันทึก ฝึกอบรม จันทบุรี สงบสุข ชาวประมง ภุมระ จุดยืน ฝึกงาน ที่สุด ถึงขนาด ที่หนึ่ง', '', '17', NULL, NULL),
(52, 'แป้นใหม่: ๋,ฏ, โ และ ษ', 'ฏฏ โโ บ๋ม๋ ษษ ฏฏ โโ บ๋ม๋ ษษ ฏโ ก๋ษ ฏโ ก๋ษ ษบ๋ โฏ ษบ๋ โฏ ก๋ษต๋โ ฏโษโ บ๋ฏษฏ ก๋ษษจ๋ โโบ๋ษ ฏษโก๋ ด๋ษก๋ษ ษฏษฏ จ๋โฏบ๋ ษโต๋โ โม๋ษต๋ ม๋ษษโ ', '', '18', NULL, NULL),
(53, 'แป้นสำหรับฝึกพิมพ์', 'โอทอป โอทอป บุ๋ม บุ๋ม โบนัส โบนัส ปัฏนา ปัฏนา มหิษ มหิษ บริษัท บริษัท มโนหร มโนหร ราชภัฏ ราชภัฏ ตะโขง ตะโขง ชักต๋ง ชักต๋ง ปฏิคม ปฏิคม ปุ้งกี๋ ปุ้งกี๋ จิ๋ว จิ๋ว ปุ๋ยเคมี ปุ๋ยเคมี', '', '18', NULL, NULL),
(54, 'คำที่ไม่รู้มาก่อนสำหรับฝึกพิมพ์', 'ปิ๋ว ดำปื๋อ แต๋ว ปฏิวาต ฝ่ายบุ๋น ทักษะ คำบริภาษ โลกา ตั๋ว ภักษาหาร กาษา ลมพิษ ต้องโทษ ปรื๋อ ออกโรง ปุ๋ยคอก ภาษาคน เขตโทษ มิงโค สงสารวัฏ ชัดแจ๋ว ชโลม คำขอโทษ ปฏิวาท กระเป๋า รักษาโรค กุ๋ย ปุ๋ยหมัก ปื๋อ ขวดโหล ', '', '18', NULL, NULL),
(55, 'แป้นใหม่: ฤ, ฆ, ศ และ ซ', 'ฤฤ ฆฆ ศศ ซซ ฤฤ ฆฆ ศศ ซซ ฤฆ ศซ ฤฆ ศซ ซศ ฆฤ ซศ ฆฤ ฤฆซฤ ศฆศฤ ศฤศฤ ฤฆซซ ฆศฆศ ซศฆศ ฤฤฆฤ ฤศฆซ ฤซศฤ ศฤฆฆ ศฤฤฆ ฤฆฤฆ ', '', '19', NULL, NULL),
(56, 'แป้นสำหรับฝึกพิมพ์', 'ฆ้อง ฆ้อง บีซี บีซี มหรรฆ มหรรฆ นริศ นริศ เปโซ เปโซ ผ่าซีก ผ่าซีก ซิ่ง ซิ่ง ตาเซ่อ ตาเซ่อ นฤมิต นฤมิต ศิมลา ศิมลา พฤกษา พฤกษา พิฆเนศ พิฆเนศ สมฤดี สมฤดี นาเคศวร นาเคศวร ', '', '19', NULL, NULL),
(57, 'คำที่ไม่รู้มาก่อนสำหรับฝึกพิมพ์', 'ปิตุฆาต อมฤต โฆษะ เวเลนซี มัฆวา ทศนิยม นฤเทพ ถึงฆาต หฤโหด ซัมซุง เมฆพัด มหาเมฆ เมฆหมอก มฤคศิร ซัคคารีน ฆ่าฟัน ศิลา ซึ่ง ลักเพศ ซิ้ม วางซ้อน โซโห ซุกซ่อน โออาซากา ซาร่า ระฆัง โฆษิต จากุซซี่ ขี้เมฆ ทัศนาจร ', '', '19', NULL, NULL),
(58, 'แป้นใหม่: ์, ฉ, ฮ และ ฒ', 'ฉฉ ฮฮ ย์ซ์ ฒฒ ฉฉ ฮฮ ย์ซ์ ฒฒ ฉฮ ว์ฒ ฉฮ ว์ฒ ฒฮ์ ฮฉ ฒฮ์ ฮฉ ฒฆ์ฮฮ ฉฉฒฮ ฒฉฮ์ท์ ช์ฒฒป์ ฒฮฉฒ ฒฉฮฒ ภ์ฉฉฒ พ์ฒฉฒ ฮฒฉฉ ฒบ์ฒ์ฉ ฮต์ฒฉ ฉฒฒฮ ', '', '20', NULL, NULL),
(59, 'แป้นสำหรับฝึกพิมพ์', 'เกย์ เกย์ ไบต์ ไบต์ วงศ์ วงศ์ ขอฉาย ขอฉาย ฮาวคัม ฮาวคัม เฉพาะ เฉพาะ เบอร์ เบอร์ กุยเฮง กุยเฮง เฉียด เฉียด เวิร์ก เวิร์ก ยินฉวน ยินฉวน บริดจ์ บริดจ์ แฮตทริก แฮตทริก เฉดสี เฉดสี', '', '20', NULL, NULL),
(60, 'คำที่ไม่รู้มาก่อนสำหรับฝึกพิมพ์', 'อิจฉา โฮสเตส ยุ้งฉาง เฉิดฉัน สปอยล์ ฮารา ตงฉิน โฮเรส ลุกฮือ เมินเฉย ยะโฮร์ แตกฉาน แคร์ องก์ แบงก์ คอนเวนต์ เงียบฉี่ พิพัฒน์ อาจารย์ โฮมสเตย์ ฮวงจุ้ย ไอดาโฮ ฉกรรจ์ เซย์ คลัตซ์ เตะฉาก แม่เฒ่า มหากาพย์ มโนราห์ โฉลก ', '', '20', NULL, NULL),
(61, 'ทดสอบ', 'ทดสอบ', 'ไทย', '1', '2022-10-11 03:49:31', '2022-10-11 03:49:31'),
(62, 'sda', 'Dasd', 'ไทย', '1', '2022-10-11 03:52:13', '2022-10-11 03:52:13');

-- --------------------------------------------------------

--
-- Table structure for table `lessonpart_ns`
--

CREATE TABLE `lessonpart_ns` (
  `id` bigint(20) UNSIGNED NOT NULL,
  `name` varchar(255) COLLATE utf8mb4_unicode_ci NOT NULL,
  `content` varchar(255) COLLATE utf8mb4_unicode_ci NOT NULL,
  `language_id` bigint(20) UNSIGNED NOT NULL,
  `lessontitle_id` bigint(20) UNSIGNED NOT NULL,
  `created_at` timestamp NULL DEFAULT NULL,
  `updated_at` timestamp NULL DEFAULT NULL,
  `deleted_at` timestamp NULL DEFAULT NULL
) ENGINE=InnoDB DEFAULT CHARSET=utf8mb4 COLLATE=utf8mb4_unicode_ci;

--
-- Dumping data for table `lessonpart_ns`
--

INSERT INTO `lessonpart_ns` (`id`, `name`, `content`, `language_id`, `lessontitle_id`, `created_at`, `updated_at`, `deleted_at`) VALUES
(1, 'บทเรียนที่ 1', 'กวด่ฟ กดฟห าวาส าวาห่ หสหส ดาวว สดด่ห ห่สวฟ ห่สหา วสสฟ สส่ดฟ่ สฟวก หฟ่ฟห่ าดดส าวาส ฟสฟส สด่าว่ ฟกฟด ฟสกา าดหส ฟหวส ก่กหว หวหห ดาสก', 1, 1, NULL, NULL, NULL),
(2, 'แป้นเหย้า', 'ฟฟ หห กก ดด ว่ฟ่ าา สส วว ฟห กด ่า สว วส าว่ ดก หฟ วฟดก ฟหฟา ดวดด ฟสาส่ ฟวดด วกฟว วดฟ่ด่ ส่วกก ฟฟกห หหาส ฟฟาส่ กดกก ดหกฟ ดวหก ฟกห่ส ดฟวด ดวดด สวฟก าหวห', 1, 2, NULL, NULL, NULL),
(3, 'แป้นสำหรับฝึกพิมพ์', 'กาาห สาวส่ ากาก สาหฟ สด่ฟด สดหว่ วว่หก วด่วห วกดฟ่ าว่สด สห่ฟห่ หฟาฟ ด่วสก ฟกาห ฟาดว ากสฟ ฟสสว กดดห่ หหฟว ากดก ฟดกส กดสว หกฟด ฟวดห', 1, 1, NULL, NULL, NULL),
(4, 'แป้นใหม่: ำ และ ร', 'ดำรำ รร ดำรำ รร สำร สำร สำร สำร รดำ รดำ รดำ รดำ รำรหำวำ สำรรวำ รดรำสำ รรสำดำ สำสำรสำ รหำรร รรำวำกำ วำรำรวำ รหำกำร รรกำร รหำกำร รสำรรำ', 1, 2, NULL, NULL, NULL),
(5, 'แป้นสำหรับฝึกพิมพ์', 'วรฟห กสกา ฟ่วว่ห่ ส่สำดำฟ สฟกดำ กสกา สรหำร สำว่รำด ดำารส หรฟรำ ฟวรก กดำด่ร รสวำด สหาว ด่าวด ก่วำวห หวำาา ดรฟดำ สดรำส ดววส ดวาด ฟาดรำ กดำรส ห่วำรำา ', 1, 2, NULL, NULL, NULL),
(6, 'คำที่ไม่รู้มาก่อนสำหรับฝึกพิมพ์', 'ดารา ดารา ดารา หรา หรา หรา ดาดรา ดาดรา ดาดรา สาร สาร สาร กรด กรด กรด สหการ สหการ สหการ รกราก รกราก รกราก หาร หาร หาร กราก กราก กราก สสาร สสาร สสาร', 1, 2, NULL, NULL, NULL),
(7, 'แป้นใหม่: ไ และ น', 'ไไ นน ไไ นน ไน ไน ไน ไน นไ นไ นไ นไ นไนน ไนไไ นไนไ ไนไไ นไนน ไไนน ไไนน นนไไ ไนไน ไนไน นไนน ไนไไ ไวรน นฟนด นนวำไ รานน', 1, 3, NULL, NULL, NULL),
(8, 'แป้นสำหรับฝึกพิมพ์', 'ไนากำ วำดำห่ไ นนก่น าหไไ าดวำไ กสวดำ นสำไร สรส่ก กวาก ดก่นา ไกำนน สฟนร ไกฟสำ หำารร กวดน กำไสรำ รหรไ ไนาว นไนว่ วกาไ ฟดนา ไไสว ไดไว รสสรำ ', 1, 3, NULL, NULL, NULL),
(9, 'คำที่ไม่รู้มาก่อนสำหรับฝึกพิมพ์', 'กาน กาน ก่น ก่น ดาน ดาน ไร่ ไร่ รสนา รสนา นาก นาก ส่วน ส่วน ไกว ไกว กวน กวน หว่าน หว่าน กำหนด กำหนด สวน สวน การวน การวน ห่าน ห่าน', 1, 3, NULL, NULL, NULL),
(10, 'แป้นใหม่: ้ และ เ', 'เเ ฟ้ห้ เเ ฟ้ห้ เร้ เร้ เร้ เร้ ร้เ ร้เ ร้เ ร้เ ฟ้ไ้เเ ว้ส้เเ ด้ไ้เด้ น้เก้ไ้ ห้ร้เฟ้ เฟ้ด้ก้ เเด้ก้ ฟ้เว้ก้ เก้ร้ด้ น้เด้เ เก้เเ ไ้ฟ้เเ น้กน้ฟ้ วเสส เสหฟ เน้ห้ห', 1, 4, NULL, NULL, NULL),
(11, 'แป้นสำหรับฝึกพิมพ์', 'ก้าน ก้าน ด้าน ด้าน น้ำไว น้ำไว เสวก เสวก เก้ เก้ กวานาเร กวานาเร เสวนา เสวนา ร่ำไห้ ร่ำไห้ ด้านหน้า ด้านหน้า เวน เวน ก้าว ก้าว น้ำหวาน น้ำหวาน กำด้น กำด้น หน้ากาก หน้ากาก', 1, 4, NULL, NULL, NULL),
(12, 'คำที่ไม่รู้มาก่อนสำหรับฝึกพิมพ์', 'เสา เสา กาน้ำ กาน้ำ เสก เสก เด่ เด่ ห้ำ ห้ำ น้ำวน น้ำวน เร้น เร้น ส้น ส้น เห่า เห่า เส้น เส้น เรา เรา ไฟฟ้า ไฟฟ้า สำเนา สำเนา ก้ำ ก้ำ ก้น ก้น เฟาเวส เฟาเวส', 1, 4, NULL, NULL, NULL),
(13, 'แป้นใหม่: ี และ พ', 'พพ สีพี พพ สีพี พพี พพี พพี พพี ดีพ ดีพ ดีพ ดีพ พพกีพ รีพพีกี หีหีพพ พพวีพ พฟีหีวี สีกีพพี หีหีสีรี รีพสีพ วีพพวี พสีดีรี พดีพพ พกีดีฟี ', 1, 5, NULL, NULL, NULL),
(14, 'แป้นสำหรับฝึกพิมพ์', 'หวี หวี เพา เพา ดีด ดีด กี่ กี่ รดี รดี ไพร ไพร พนาด พนาด นาวี นาวี หรีด หรีด ไพร่ ไพร่ พนาดร พนาดร รำไพ รำไพ ดีกรี ดีกรี พกพา พกพา วีน วีน ดีเด่น ดีเด่น', 1, 5, NULL, NULL, NULL),
(15, 'คำที่ไม่รู้มาก่อนสำหรับฝึกพิมพ์', 'พนา พนา พ่น พ่น เรนี เรนี หนี้ หนี้ สกี สกี พร่ำ พร่ำ นี่ นี่ ดี้ ดี้ ได้ดี ได้ดี พร่า พร่า เพนนี เพนนี ฟรี ฟรี กวี กวี สรรพ สรรพ ส่าหรี ส่าหรี พวก พวก ราสี ราสี นกหวีด นกหวีด หวีด หวีด เพดาน เพดาน เสรี เสรี', 1, 5, NULL, NULL, NULL),
(16, 'แป้นใหม่: ๆ และ ย', 'ๆๆ ยย ๆๆ ยย ๆย ๆย ๆย ๆย ยๆ ยๆ ยๆ ยๆ ๆยๆ ๆๆยย ๆๆยย ยๆยย ๆๆยๆ ยยๆย ยยๆย ยยๆๆ ๆยๆย ยๆๆย ๆยๆๆ ๆๆยย ยพสำกำ ยยรๆ เกยห ว่าๆย', 1, 6, NULL, NULL, NULL),
(17, 'แป้นสำหรับฝึกพิมพ์', 'พราย พราย ดาย ดาย ห่วย ห่วย เย้า เย้า ยาหยี ยาหยี ว้าย ว้าย ยาว ยาว ว่าร้าย ว่าร้าย กราย กราย เหี่ยว เหี่ยว การยำ การยำ ยาน้ำ ยาน้ำ เพรียว เพรียว เกียน เกียน ย้ำ ย้ำ ยาวเหยียด ยาวเหยียด', 1, 6, NULL, NULL, NULL),
(18, 'คำที่ไม่รู้มาก่อนสำหรับฝึกพิมพ์', 'เสี้ยว ร่ำรวย วาย เพี้ยน ส่าย เสวย หยวก นายก หยี เสียดาย ไสยา เสียสาว เสียว สายไฟ เกย เย้ย เวียนนา เสนียด เส้นสาย เน่าเสีย รวย เสีย เยี่ยว ส่วย ยาวรี เกรี้ยว ย่า พวย ยากนาน การยกเว้น ', 1, 6, NULL, NULL, NULL),
(19, 'แป้นใหม่: อ และ ท', 'ออ ทท ออ ทท อท อท อท อท ทอ ทอ ทอ ทอ ออทอ อทออ อททอ ททออ อทอท ททออ อทออ ออทท ออทอ อทอท ททออ อททอ อเนๆ ๆทดอ ทอทท ทหพๆ', 1, 7, NULL, NULL, NULL),
(20, 'แป้นสำหรับฝึกพิมพ์', 'เอ้อ เอ้อ เอย เอย อาสา อาสา อ้า อ้า พร่อย พร่อย อ้อน อ้อน ดอย ดอย ทาสทาน ทาสทาน หอน หอน ย่าทวด ย่าทวด ดอส ดอส ที่ไหน ที่ไหน อีก อีก สาวน้อย สาวน้อย ', 1, 7, NULL, NULL, NULL),
(21, 'คำที่ไม่รู้มาก่อนสำหรับฝึกพิมพ์', 'การยอ อยากได้ อาน ทดท้อ ทำนา อดทน เอกา พร้อย เอ่อ เทียว เท่า นอกกาย ได้ท้าย หอย เอียน เอไอที ไทย ท่าที รอย เทวี ย่อย่น น่าอร่อย หน่อย เท้อ อร่อย ไดอาน่า เทพยดา เห่อ เก้อ อกไก่ ออดอ้อน', 1, 7, NULL, NULL, NULL),
(22, 'แป้นใหม่: แ และ ม', 'แแ มม แแ มม แม แม แม แม มแ มแ มแ มแ มมแแ มมแม มมแแ มแแม แมแแ แแมแ มแแม แแม แมแมแ แมแม มแมแ แแมแ ว่ฟมน วแสำท แห่หย แๆเแ ', 1, 8, NULL, NULL, NULL),
(23, 'แป้นสำหรับฝึกพิมพ์', 'แม่น แม่น ห้อม ห้อม ไอแดด ไอแดด แก้ม แก้ม หนาม หนาม เยเมน เยเมน หมอก หมอก รวมยอด รวมยอด ดีมอน ดีมอน มาเดรา มาเดรา สแกน สแกน หน้าแหก หน้าแหก หน้าไม้ หน้าไม้ แรกนา แรกนา', 1, 8, NULL, NULL, NULL),
(24, 'คำที่ไม่รู้มาก่อนสำหรับฝึกพิมพ์', 'อีแก่ สาวแส้ สยาม แดดดี้ แหวก สำรวม แม่นยำ แพ่น มรดก แรมรอน แกมมา อ่อนแอ แก้ว พนาราม ไม้ยมก แหวน ดราม่า ยกแก้ว เสมอมา แอ่น แม้น แก้ที ที่แท้ เมียน้อย สีแสด แน่แท้ หมายยา สมหมาย ไม่ดี กรรมเวร ', 1, 8, NULL, NULL, NULL),
(25, 'แป้นใหม่: ั และ ะ', 'ะะ อัดั ะะ อัดั ะวั ะวั ะวั ะวั หัะ หัะ หัะ หัะ ยัะทัะ ะหัะะ อัะมัะ มัฟัมัวั อัดัะดั ะนัะะ ดัะสัะ ะะดัวั ะมัะยั ะะัะะ ทัดัสัะ หัทัมัะ ', 1, 9, NULL, NULL, NULL),
(26, 'แป้นสำหรับฝึกพิมพ์', 'สาระ สาระ แหยะ แหยะ แหมะ แหมะ มีนัย มีนัย สะกาย สะกาย กระทำ กระทำ แดยัน แดยัน อัฟกัน อัฟกัน กันสาด กันสาด หมั้น หมั้น มนัส มนัส หัวเก่า หัวเก่า ระกะ ระกะ ทวารหนัก ทวารหนัก', 1, 9, NULL, NULL, NULL),
(27, 'คำที่ไม่รู้มาก่อนสำหรับฝึกพิมพ์', 'กระสะ เดาะ มัทนะ กะทันหัน เทอะ สมัยกรีก กระพรวน นัดแนะ หักอก อัมมาน ฟาดฟัน เหยาะ พีนัท กำกัด กระเพาะ ระเด่น หายกัน กะหมอก พัวพัน นัดแนะ หนักอก มั่ว ระฟ้า กรดมะนาว รัสสระ เสียวฟัน อะไร หมายมั่น ระยะ แกะรอย ', 1, 9, NULL, NULL, NULL),
(28, 'แป้นใหม่: บ และ ง', 'บบ งง บบ งง บง บง บง บง งบ งบ งบ งบ บบงง งงบง งงบบ บงบง บงบง งงบง บบงบ งบงบ งงบบ บงบง บงบง บบงบ ะบงส งบงง งหงอ รแไไ้', 1, 10, NULL, NULL, NULL),
(29, 'แป้นสำหรับฝึกพิมพ์', 'ดาบส ดาบส สำทับ สำทับ เบ่ง เบ่ง น้ำทรง น้ำทรง รับได้ รับได้ พนัง พนัง นอกบท นอกบท บางที บางที ทับแพ ทับแพ รังแก รังแก เพรง เพรง แบเรียม แบเรียม สมทบ สมทบ แม่บ้าน แม่บ้าน', 1, 10, NULL, NULL, NULL),
(30, 'คำที่ไม่รู้มาก่อนสำหรับฝึกพิมพ์', 'ยังกะ พนอง บางกอก ระบาด อะนัมบรา เทพบดี บั่นทอน ทาบทาม เบนเว กระหัง งานวัด ระงม กังหัน ห้าง หัวแรง งอกเงย การเพ่ง วาววับ พานพบ เบี่ยง น่าสงสัย ไมยราบ รับฟัง ร้อง หันวับ เบ่ง ทางเท้า การกำกับ ดีงาม', 1, 10, NULL, NULL, NULL),
(31, 'แป้นใหม่: ิ และ ื', 'ดิดิ รืหื ดิดิ รืหื มิบื มิบื มิบื มิบื ทือิ ทือิ ทือิ ทือิ หิสืทืพิ ดิทืฟิอื อืหืวิอื ฟืดิอืสิ อืกืรืวื ดิกิสือื อิฟิพิริ ฟืนืวืดิ ฟิยืทืกื กืฟืวืกื บืทืนือิ ฟืบิดิบื ', 1, 11, NULL, NULL, NULL),
(32, 'แป้นสำหรับฝึกพิมพ์', 'ทื่อ ทื่อ วิบวับ วิบวับ มืดมิด มืดมิด เบือน เบือน มิสทีน มิสทีน ม้ามืด ม้ามืด บ้าบิ่น บ้าบิ่น นิกาย นิกาย หารือ หารือ ห้องมืด ห้องมืด เสือดาว เสือดาว พริ้ง พริ้ง เหมือด เหมือด เมื่อไร เมื่อไร รากดิน รากดิน แนวเรือ แนวเรือ  ', 1, 11, NULL, NULL, NULL),
(33, 'คำที่ไม่รู้มาก่อนสำหรับฝึกพิมพ์', 'กะทิ พิกัน เมืองนรก เท่าเดิม อิริยา สืบมา เกริ่น สืบหา เรือนไฟ เนื้อไก่ เงื่อน ที่ดิน บทนิยาม อมมือ หามิได้ ไม้มืด เงินยวง ทัพเรือ เบามือ หืดหอบ เทพสิง มือเบา สินสมรส ยืดเยื้อ บังเกิด หมิ่น สายสะดือ', 1, 11, NULL, NULL, NULL),
(34, 'แป้นใหม่: ป และ ใ', 'ปป ใใ ปป ใใ ปใ ปใ ปใ ปใ ใป ใป ใป ใป ใใปใ ปใปใ ใใปใ ปใปใ ปปใใ ใปใป ใปใป ปใใป ใปใใ ใใปใ ปปใป ใใปใ รำปใะ อิดปใ ปกดก รอเทิ ', 1, 12, NULL, NULL, NULL),
(35, 'แป้นสำหรับฝึกพิมพ์', 'ปวดมวน ปวดมวน ยองใย ยองใย ประดา ประดา แห่งใด แห่งใด แป้ง แป้ง ปั้นหยา ปั้นหยา เปิด เปิด ปิดป้อง ปิดป้อง ใบเบิก ใบเบิก ปากกา ปากกา ปีนัง ปีนัง เสียดใบ เสียดใบ ทริป ทริป แป้งหมี่ แป้งหมี่', 1, 12, NULL, NULL, NULL),
(36, 'คำที่ไม่รู้มาก่อนสำหรับฝึกพิมพ์', 'เปรียว ประนอม เทอราปี สวมใส่ ใบยา เปิดไฟ อามาปา เพื่อให้ ในที่นี้ ท้อป การใบ้ วาปี ในแง่ ทั่วไป รอดไป ใหม่ ป่าวร้อง ในสังกัด ยอมให้ น้ำประปา เนยใส ปาดหน้า ก้นปอด ห่วงใย ใบ้หวย ใบไม้ อากัป ป่าดงดิบ ประสานงา ราวป่า', 1, 12, NULL, NULL, NULL),
(37, 'แป้นใหม่:ผ และ ฝ', 'ผผ ฝฝ ผผ ฝฝ ผฝ ผฝ ผฝ ผฝ ฝผ ฝผ ฝผ ฝผ ฝผฝฝ ผฝผฝ ฝฝผผ ฝผฝผ ฝผฝฝ ฝผฝผ ผผฝผ ฝผฝผ ฝผฝผ ผผฝฝ ฝผฝฝ ฝผฝผ ผฝผเ อฝผอ ผยดร ฝๆผะ', 1, 13, NULL, NULL, NULL),
(38, 'แป้นสำหรับฝึกพิมพ์', 'เผาะ เผาะ ผสาน ผสาน กระผม กระผม ผ้าสไบ ผ้าสไบ รากฝอย รากฝอย ฝีปาก ฝีปาก ผง่าน ผง่าน รับฝาก รับฝาก ดัดผม ดัดผม บิดผัน บิดผัน ฝนกรด ฝนกรด บ่มผิว บ่มผิว พยับฝน พยับฝน แผนที่ แผนที่ ', 1, 13, NULL, NULL, NULL),
(39, 'คำที่ไม่รู้มาก่อนสำหรับฝึกพิมพ์', 'เฝ้ารอ ผิวหนัง ฝากผี การผ่อน ผ่อง ฝีเท้า ดงไผ่ รหัสผ่าน ฝ่ายบิดา การฝาก ออกฝี ฝืนทน ผีเสื้อ ฝ่ายใน ฝักฝ่าย ฝั่ง ฝักเพกา เผอเรอ นมผง ผิวสองสี เฝ้า ผมเปีย ผิวเนียน บัปผาสะ ฝังราก ผ้าแดง แฝกหอม แผนงาน ผืนน้ำ การใฝ่หา ', 1, 13, NULL, NULL, NULL),
(40, 'แป้นใหม่:ล และ ฃ', 'ลล ฃฃ ลล ฃฃ ลฃ ลฃ ลฃ ลฃ ฃล ฃล ฃล ฃล ลฃลล ลฃลฃ ฃลลฃ ฃฃลล ลฃฃล ฃลลฃ ฃลลฃ ฃลลฃ ลฃลฃ ฃลฃล ฃฃลล ลฃลล หละง ลปลฃ ทืนืดฃ มลาล', 1, 14, NULL, NULL, NULL),
(41, 'sda', 'joj', 1, 1, '2022-10-11 03:56:36', '2022-10-11 04:09:46', '2022-10-11 04:09:46'),
(42, 'ทดสอบ1232', 'ทดสอบ12345', 1, 1, '2022-10-11 04:16:38', '2022-10-11 14:55:14', NULL),
(43, 'testEng', 'TEST ENG 2', 2, 20, '2022-10-11 16:31:24', '2022-10-11 17:13:14', NULL);

-- --------------------------------------------------------

--
-- Table structure for table `lessonstat_ns`
--

CREATE TABLE `lessonstat_ns` (
  `id` bigint(20) UNSIGNED NOT NULL,
  `User_id` bigint(20) UNSIGNED NOT NULL,
  `lessonpart_n_id` bigint(20) UNSIGNED NOT NULL,
  `wpm` int(11) NOT NULL,
  `acc` int(11) NOT NULL,
  `raw` int(11) NOT NULL,
  `created_at` timestamp NULL DEFAULT NULL,
  `updated_at` timestamp NULL DEFAULT NULL
) ENGINE=InnoDB DEFAULT CHARSET=utf8mb4 COLLATE=utf8mb4_unicode_ci;

-- --------------------------------------------------------

--
-- Table structure for table `lessontitles`
--

CREATE TABLE `lessontitles` (
  `id` bigint(20) UNSIGNED NOT NULL,
  `name` varchar(255) COLLATE utf8mb4_unicode_ci NOT NULL,
  `created_at` timestamp NULL DEFAULT NULL,
  `updated_at` timestamp NULL DEFAULT NULL
) ENGINE=InnoDB DEFAULT CHARSET=utf8mb4 COLLATE=utf8mb4_unicode_ci;

--
-- Dumping data for table `lessontitles`
--

INSERT INTO `lessontitles` (`id`, `name`, `created_at`, `updated_at`) VALUES
(1, 'บทที่1', NULL, NULL),
(2, 'บทที่2', NULL, NULL),
(3, 'บทที่3', NULL, NULL),
(4, 'บทที่4', NULL, NULL),
(5, 'บทที่5', NULL, NULL),
(6, 'บทที่6', NULL, NULL),
(7, 'บทที่7', NULL, NULL),
(8, 'บทที่8', NULL, NULL),
(9, 'บทที่9', NULL, NULL),
(10, 'บทที่10', NULL, NULL),
(11, 'บทที่11', NULL, NULL),
(12, 'บทที่12', NULL, NULL),
(13, 'บทที่13', NULL, NULL),
(14, 'บทที่14', NULL, NULL),
(15, 'บทที่15', NULL, NULL),
(16, 'บทที่16', NULL, NULL),
(17, 'บทที่17', NULL, NULL),
(18, 'บทที่18', NULL, NULL),
(19, 'บทที่19', NULL, NULL),
(20, 'บทที่20', NULL, NULL);

-- --------------------------------------------------------

--
-- Table structure for table `migrations`
--

CREATE TABLE `migrations` (
  `id` int(10) UNSIGNED NOT NULL,
  `migration` varchar(255) COLLATE utf8mb4_unicode_ci NOT NULL,
  `batch` int(11) NOT NULL
) ENGINE=InnoDB DEFAULT CHARSET=utf8mb4 COLLATE=utf8mb4_unicode_ci;

--
-- Dumping data for table `migrations`
--

INSERT INTO `migrations` (`id`, `migration`, `batch`) VALUES
(1, '2014_10_12_000000_create_users_table', 1),
(2, '2014_10_12_100000_create_password_resets_table', 1),
(3, '2014_10_12_200000_add_two_factor_columns_to_users_table', 1),
(4, '2019_08_19_000000_create_failed_jobs_table', 1),
(5, '2019_12_14_000001_create_personal_access_tokens_table', 1),
(6, '2022_09_07_212849_create_sessions_table', 1),
(7, '2022_09_23_001046_create_testclick_models_table', 1),
(8, '2022_09_24_190631_create_languages_table', 1),
(9, '2022_09_24_191047_create_difficulties_table', 1),
(10, '2022_09_25_011120_create_teststats_table', 1),
(11, '2022_09_27_201733_create_lessontitles_table', 1),
(12, '2022_09_27_202501_create_lessonparts_table', 1),
(13, '2022_09_29_223200_create_word_models_table', 1),
(14, '2022_09_30_204449_add_isadmin_to__user', 1),
(15, '2022_10_02_162959_create_testlessons_table', 1),
(16, '2022_10_03_003227_add_created_by_to_word_models', 1),
(17, '2022_10_03_004010_add_soft_delete_to_word_models', 1),
(18, '2022_10_03_165635_create_user_lessonparts_table', 1),
(19, '2022_10_03_221106_create_typingstats_table', 1),
(20, '2022_10_03_221235_create_diffculty_languages_table', 1),
(21, '2022_10_10_220309_create_words_table', 2),
(22, '2022_10_10_223921_create_typingstat_ns_table', 3),
(23, '2022_10_10_225603_create_lessonpart_ns_table', 3),
(24, '2022_10_10_234449_create_lessonstat_ns_table', 4),
(25, '2022_10_11_000338_add_soft_delete_to_words', 5),
(26, '2022_10_11_001058_add_create_by_to_words', 6),
(27, '2022_10_11_001709_add_soft_delete_to_words', 7),
(28, '2022_10_11_002605_create_words_table', 8),
(29, '2022_10_11_090021_add_soft_delete_to_lessonpart_ns', 9);

-- --------------------------------------------------------

--
-- Table structure for table `password_resets`
--

CREATE TABLE `password_resets` (
  `email` varchar(255) COLLATE utf8mb4_unicode_ci NOT NULL,
  `token` varchar(255) COLLATE utf8mb4_unicode_ci NOT NULL,
  `created_at` timestamp NULL DEFAULT NULL
) ENGINE=InnoDB DEFAULT CHARSET=utf8mb4 COLLATE=utf8mb4_unicode_ci;

-- --------------------------------------------------------

--
-- Table structure for table `personal_access_tokens`
--

CREATE TABLE `personal_access_tokens` (
  `id` bigint(20) UNSIGNED NOT NULL,
  `tokenable_type` varchar(255) COLLATE utf8mb4_unicode_ci NOT NULL,
  `tokenable_id` bigint(20) UNSIGNED NOT NULL,
  `name` varchar(255) COLLATE utf8mb4_unicode_ci NOT NULL,
  `token` varchar(64) COLLATE utf8mb4_unicode_ci NOT NULL,
  `abilities` text COLLATE utf8mb4_unicode_ci DEFAULT NULL,
  `last_used_at` timestamp NULL DEFAULT NULL,
  `created_at` timestamp NULL DEFAULT NULL,
  `updated_at` timestamp NULL DEFAULT NULL
) ENGINE=InnoDB DEFAULT CHARSET=utf8mb4 COLLATE=utf8mb4_unicode_ci;

-- --------------------------------------------------------

--
-- Table structure for table `sessions`
--

CREATE TABLE `sessions` (
  `id` varchar(255) COLLATE utf8mb4_unicode_ci NOT NULL,
  `user_id` bigint(20) UNSIGNED DEFAULT NULL,
  `ip_address` varchar(45) COLLATE utf8mb4_unicode_ci DEFAULT NULL,
  `user_agent` text COLLATE utf8mb4_unicode_ci DEFAULT NULL,
  `payload` text COLLATE utf8mb4_unicode_ci NOT NULL,
  `last_activity` int(11) NOT NULL
) ENGINE=InnoDB DEFAULT CHARSET=utf8mb4 COLLATE=utf8mb4_unicode_ci;

--
-- Dumping data for table `sessions`
--

INSERT INTO `sessions` (`id`, `user_id`, `ip_address`, `user_agent`, `payload`, `last_activity`) VALUES
('AGyZVpq6V03x3CAcez0dc2jgErMEueZ1Ng8bQTc2', 2, '127.0.0.1', 'Mozilla/5.0 (Windows NT 10.0; Win64; x64) AppleWebKit/537.36 (KHTML, like Gecko) Chrome/107.0.0.0 Safari/537.36', 'YTo1OntzOjY6Il90b2tlbiI7czo0MDoiZVZuMXc3ZWIydVdaQzFycEZGOXUxSjJySlM3U1BLdHVIaWNQc3pCWSI7czo5OiJfcHJldmlvdXMiO2E6MTp7czozOiJ1cmwiO3M6MzQ6Imh0dHA6Ly8xMjcuMC4wLjE6ODAwMC9hZG1pbi1sZXNzb24iO31zOjY6Il9mbGFzaCI7YToyOntzOjM6Im9sZCI7YTowOnt9czozOiJuZXciO2E6MDp7fX1zOjUwOiJsb2dpbl93ZWJfNTliYTM2YWRkYzJiMmY5NDAxNTgwZjAxNGM3ZjU4ZWE0ZTMwOTg5ZCI7aToyO3M6MjE6InBhc3N3b3JkX2hhc2hfc2FuY3R1bSI7czo2MDoiJDJ5JDEwJFRraXdJYmliVHdDUHdLUnBJcWovc2VCamdDRnZKMmNWWnRkRnlNZ2lIQ1V2US92Sk9lcXJ1Ijt9', 1669180318);

-- --------------------------------------------------------

--
-- Table structure for table `testclick_models`
--

CREATE TABLE `testclick_models` (
  `id` bigint(20) UNSIGNED NOT NULL,
  `countclick` int(11) NOT NULL,
  `test` varchar(255) COLLATE utf8mb4_unicode_ci NOT NULL,
  `created_at` timestamp NULL DEFAULT NULL,
  `updated_at` timestamp NULL DEFAULT NULL
) ENGINE=InnoDB DEFAULT CHARSET=utf8mb4 COLLATE=utf8mb4_unicode_ci;

--
-- Dumping data for table `testclick_models`
--

INSERT INTO `testclick_models` (`id`, `countclick`, `test`, `created_at`, `updated_at`) VALUES
(44, 0, '', '2022-09-24 20:51:49', '2022-09-24 20:51:49'),
(45, 0, '', '2022-09-24 20:51:50', '2022-09-24 20:51:50'),
(46, 0, '', '2022-09-24 20:52:28', '2022-09-24 20:52:28'),
(47, 15, '', '2022-09-24 20:52:32', '2022-09-24 20:52:32'),
(48, 15, '', '2022-09-24 20:57:40', '2022-09-24 20:57:40'),
(49, 0, '', '2022-09-24 20:57:42', '2022-09-24 20:57:42'),
(50, 0, '', '2022-09-24 20:58:05', '2022-09-24 20:58:05'),
(51, 0, '', '2022-09-24 20:58:06', '2022-09-24 20:58:06'),
(52, 0, '', '2022-09-24 20:58:54', '2022-09-24 20:58:54'),
(53, 0, '', '2022-09-24 20:58:56', '2022-09-24 20:58:56'),
(54, 0, '', '2022-09-24 20:59:53', '2022-09-24 20:59:53'),
(55, 0, '', '2022-09-24 20:59:57', '2022-09-24 20:59:57'),
(56, 0, '', '2022-09-24 21:06:57', '2022-09-24 21:06:57'),
(57, 123123, '', '2022-09-24 21:07:09', '2022-09-24 21:07:09'),
(58, 132, '', '2022-09-24 21:13:39', '2022-09-24 21:13:39'),
(59, 132, '', '2022-09-24 21:14:54', '2022-09-24 21:14:54'),
(60, 213, '', '2022-09-24 21:14:56', '2022-09-24 21:14:56'),
(61, 213, '', '2022-09-24 21:25:09', '2022-09-24 21:25:09'),
(62, 234, '', '2022-09-24 21:25:12', '2022-09-24 21:25:12'),
(63, 4441, '', '2022-09-24 21:28:10', '2022-09-24 21:28:10'),
(64, 234, '', '2022-09-24 21:29:36', '2022-09-24 21:29:36'),
(65, 1312, '', '2022-09-24 21:29:38', '2022-09-24 21:29:38');

-- --------------------------------------------------------

--
-- Table structure for table `testlessons`
--

CREATE TABLE `testlessons` (
  `id` bigint(20) UNSIGNED NOT NULL,
  `wpm` int(11) NOT NULL,
  `acc` int(11) NOT NULL,
  `raw` int(11) NOT NULL,
  `created_at` timestamp NULL DEFAULT NULL,
  `updated_at` timestamp NULL DEFAULT NULL
) ENGINE=InnoDB DEFAULT CHARSET=utf8mb4 COLLATE=utf8mb4_unicode_ci;

--
-- Dumping data for table `testlessons`
--

INSERT INTO `testlessons` (`id`, `wpm`, `acc`, `raw`, `created_at`, `updated_at`) VALUES
(1, 42, 13, 336, '2022-10-02 15:26:01', '2022-10-02 15:26:01'),
(2, 12, 9, 138, '2022-10-02 16:03:40', '2022-10-02 16:03:40'),
(3, 11, 13, 81, '2022-10-02 16:21:15', '2022-10-02 16:21:15'),
(4, 11, 13, 81, '2022-10-02 16:22:00', '2022-10-02 16:22:00'),
(5, 12, 6, 204, '2022-10-02 18:03:10', '2022-10-02 18:03:10'),
(6, 15, 5, 333, '2022-10-02 18:03:58', '2022-10-02 18:03:58'),
(7, 46, 13, 346, '2022-10-02 18:04:33', '2022-10-02 18:04:33'),
(8, 0, 0, 331, '2022-10-03 09:33:43', '2022-10-03 09:33:43');

-- --------------------------------------------------------

--
-- Table structure for table `teststats`
--

CREATE TABLE `teststats` (
  `id` bigint(20) UNSIGNED NOT NULL,
  `wpm` int(11) NOT NULL,
  `acc` int(11) NOT NULL,
  `raw` int(11) NOT NULL,
  `created_at` timestamp NULL DEFAULT NULL,
  `updated_at` timestamp NULL DEFAULT NULL
) ENGINE=InnoDB DEFAULT CHARSET=utf8mb4 COLLATE=utf8mb4_unicode_ci;

--
-- Dumping data for table `teststats`
--

INSERT INTO `teststats` (`id`, `wpm`, `acc`, `raw`, `created_at`, `updated_at`) VALUES
(1, 47, 80, 47, '2022-09-25 09:29:04', '2022-09-25 09:29:04'),
(2, 82, 100, 82, '2022-09-25 09:34:53', '2022-09-25 09:34:53'),
(3, 82, 100, 82, '2022-09-25 09:35:08', '2022-09-25 09:35:08'),
(4, 66, 95, 66, '2022-09-25 09:38:06', '2022-09-25 09:38:06'),
(5, 66, 95, 66, '2022-09-25 09:39:40', '2022-09-25 09:39:40'),
(6, 58, 89, 59, '2022-09-25 09:40:17', '2022-09-25 09:40:17'),
(7, 58, 89, 59, '2022-09-25 10:03:00', '2022-09-25 10:03:00'),
(8, 58, 89, 59, '2022-09-25 10:05:58', '2022-09-25 10:05:58'),
(9, 58, 89, 59, '2022-09-25 10:07:28', '2022-09-25 10:07:28'),
(10, 130, 93, 131, '2022-09-25 10:08:09', '2022-09-25 10:08:09'),
(11, 0, 0, 0, '2022-09-25 10:09:07', '2022-09-25 10:09:07'),
(12, 0, 0, 0, '2022-09-25 10:13:11', '2022-09-25 10:13:11'),
(13, 100, 78, 105, '2022-09-25 10:14:00', '2022-09-25 10:14:00'),
(14, 100, 78, 105, '2022-09-25 10:18:37', '2022-09-25 10:18:37'),
(15, 100, 78, 105, '2022-09-25 10:18:54', '2022-09-25 10:18:54'),
(16, 100, 78, 105, '2022-09-25 10:21:21', '2022-09-25 10:21:21'),
(17, 86, 79, 91, '2022-09-25 10:22:02', '2022-09-25 10:22:02'),
(18, 0, 0, 0, '2022-09-25 10:22:10', '2022-09-25 10:22:10'),
(19, 0, 0, 0, '2022-09-25 10:22:18', '2022-09-25 10:22:18'),
(20, 0, 0, 0, '2022-09-25 10:22:28', '2022-09-25 10:22:28'),
(21, 0, 0, 0, '2022-09-25 10:22:36', '2022-09-25 10:22:36'),
(22, 0, 0, 0, '2022-09-25 10:22:54', '2022-09-25 10:22:54'),
(23, 0, 0, 0, '2022-09-25 10:23:05', '2022-09-25 10:23:05'),
(24, 0, 0, 0, '2022-09-25 10:31:00', '2022-09-25 10:31:00'),
(25, 0, 0, 0, '2022-09-25 10:32:16', '2022-09-25 10:32:16'),
(26, 0, 0, 0, '2022-09-25 10:32:27', '2022-09-25 10:32:27'),
(27, 0, 0, 0, '2022-09-25 10:32:32', '2022-09-25 10:32:32'),
(28, 0, 0, 0, '2022-09-25 10:32:47', '2022-09-25 10:32:47'),
(29, 88, 79, 98, '2022-09-25 10:33:45', '2022-09-25 10:33:45'),
(30, 110, 95, 111, '2022-09-25 10:36:01', '2022-09-25 10:36:01'),
(31, 126, 92, 128, '2022-09-25 10:37:37', '2022-09-25 10:37:37'),
(32, 0, 0, 0, '2022-09-25 10:49:24', '2022-09-25 10:49:24'),
(33, 0, 0, 0, '2022-09-25 10:50:03', '2022-09-25 10:50:03'),
(34, 0, 0, 0, '2022-09-25 10:52:47', '2022-09-25 10:52:47'),
(35, 0, 0, 0, '2022-09-25 10:53:07', '2022-09-25 10:53:07'),
(36, 0, 0, 0, '2022-09-25 10:53:13', '2022-09-25 10:53:13'),
(37, 124, 86, 129, '2022-09-25 10:54:36', '2022-09-25 10:54:36'),
(38, 77, 66, 100, '2022-09-25 10:55:18', '2022-09-25 10:55:18'),
(39, 68, 95, 68, '2022-09-25 10:57:42', '2022-09-25 10:57:42'),
(40, 62, 89, 63, '2022-09-25 11:11:14', '2022-09-25 11:11:14'),
(41, 0, 0, 0, '2022-09-25 11:34:38', '2022-09-25 11:34:38'),
(42, 0, 0, 0, '2022-09-25 11:34:56', '2022-09-25 11:34:56'),
(43, 0, 0, 0, '2022-09-25 11:35:50', '2022-09-25 11:35:50'),
(44, 0, 0, 0, '2022-09-25 11:37:03', '2022-09-25 11:37:03'),
(45, 0, 0, 0, '2022-09-25 11:37:20', '2022-09-25 11:37:20'),
(46, 0, 0, 0, '2022-09-25 11:37:32', '2022-09-25 11:37:32'),
(47, 0, 0, 0, '2022-09-25 11:37:52', '2022-09-25 11:37:52'),
(48, 0, 0, 0, '2022-09-25 11:40:37', '2022-09-25 11:40:37'),
(49, 0, 0, 0, '2022-09-25 11:40:42', '2022-09-25 11:40:42'),
(50, 0, 0, 0, '2022-09-25 11:42:08', '2022-09-25 11:42:08'),
(51, 0, 0, 0, '2022-09-25 11:42:21', '2022-09-25 11:42:21'),
(52, 0, 0, 0, '2022-09-25 11:42:36', '2022-09-25 11:42:36'),
(53, 42, 92, 42, '2022-09-25 11:43:13', '2022-09-25 11:43:13'),
(54, 42, 92, 42, '2022-09-25 11:43:30', '2022-09-25 11:43:30'),
(55, 0, 0, 0, '2022-09-25 11:43:50', '2022-09-25 11:43:50'),
(56, 0, 0, 0, '2022-09-25 11:44:04', '2022-09-25 11:44:04'),
(57, 62, 84, 63, '2022-09-25 11:44:43', '2022-09-25 11:44:43'),
(58, 62, 84, 63, '2022-09-25 11:58:23', '2022-09-25 11:58:23'),
(59, 56, 87, 56, '2022-09-25 11:58:47', '2022-09-25 11:58:47'),
(60, 56, 87, 56, '2022-09-25 11:59:22', '2022-09-25 11:59:22'),
(61, 0, 0, 0, '2022-09-25 11:59:59', '2022-09-25 11:59:59'),
(62, 0, 0, 0, '2022-09-25 12:00:14', '2022-09-25 12:00:14'),
(63, 11, 38, 12, '2022-09-25 12:01:24', '2022-09-25 12:01:24'),
(64, 12, 67, 13, '2022-09-25 12:02:02', '2022-09-25 12:02:02'),
(65, 0, 0, 0, '2022-09-25 12:02:10', '2022-09-25 12:02:10'),
(66, 0, 0, 0, '2022-09-25 12:02:15', '2022-09-25 12:02:15'),
(67, 0, 0, 0, '2022-09-25 12:02:20', '2022-09-25 12:02:20'),
(68, 0, 0, 0, '2022-09-25 12:02:23', '2022-09-25 12:02:23'),
(69, 16, 56, 16, '2022-09-25 12:03:01', '2022-09-25 12:03:01'),
(70, 14, 67, 14, '2022-09-25 16:56:25', '2022-09-25 16:56:25'),
(71, 13, 0, 16, '2022-09-26 12:04:08', '2022-09-26 12:04:08'),
(72, 13, 0, 16, '2022-09-26 12:04:42', '2022-09-26 12:04:42'),
(73, 0, 0, 0, '2022-09-26 12:04:49', '2022-09-26 12:04:49'),
(74, 60, 85, 63, '2022-09-26 12:05:48', '2022-09-26 12:05:48'),
(75, 54, 74, 62, '2022-09-26 12:06:15', '2022-09-26 12:06:15'),
(76, 54, 74, 62, '2022-09-26 12:06:39', '2022-09-26 12:06:39'),
(77, 22, 78, 26, '2022-09-29 14:10:45', '2022-09-29 14:10:45'),
(78, 24, 55, 30, '2022-09-30 15:45:05', '2022-09-30 15:45:05'),
(79, 0, 0, 0, '2022-09-30 16:16:00', '2022-09-30 16:16:00'),
(80, 0, 0, 0, '2022-09-30 16:16:19', '2022-09-30 16:16:19'),
(81, 0, 0, 0, '2022-09-30 16:16:43', '2022-09-30 16:16:43'),
(82, 0, 0, 0, '2022-09-30 16:16:54', '2022-09-30 16:16:54'),
(83, 0, 0, 0, '2022-09-30 16:16:56', '2022-09-30 16:16:56'),
(84, 0, 0, 0, '2022-09-30 16:16:58', '2022-09-30 16:16:58'),
(85, 0, 0, 0, '2022-09-30 16:18:27', '2022-09-30 16:18:27'),
(86, 0, 0, 0, '2022-09-30 16:58:30', '2022-09-30 16:58:30'),
(87, 0, 0, 0, '2022-09-30 16:58:40', '2022-09-30 16:58:40'),
(88, 0, 0, 0, '2022-09-30 16:58:49', '2022-09-30 16:58:49'),
(89, 0, 0, 0, '2022-09-30 16:58:57', '2022-09-30 16:58:57'),
(90, 0, 0, 0, '2022-09-30 16:59:49', '2022-09-30 16:59:49'),
(91, 0, 0, 0, '2022-10-01 12:19:55', '2022-10-01 12:19:55'),
(92, 0, 0, 0, '2022-10-01 12:21:00', '2022-10-01 12:21:00'),
(93, 0, 0, 0, '2022-10-01 19:33:05', '2022-10-01 19:33:05'),
(94, 20, 12, 148, '2022-10-02 14:08:46', '2022-10-02 14:08:46'),
(95, 46, 13, 343, '2022-10-02 14:11:21', '2022-10-02 14:11:21'),
(96, 0, 0, 0, '2022-10-02 14:15:05', '2022-10-02 14:15:05'),
(97, 55, 90, 55, '2022-10-02 15:04:50', '2022-10-02 15:04:50'),
(98, 46, 77, 53, '2022-10-02 15:08:49', '2022-10-02 15:08:49'),
(99, 88, 28, 320, '2022-10-02 18:06:23', '2022-10-02 18:06:23'),
(100, 48, 25, 195, '2022-10-02 21:28:46', '2022-10-02 21:28:46'),
(101, 61, 95, 62, '2022-10-02 22:09:40', '2022-10-02 22:09:40'),
(102, 40, 71, 41, '2022-10-03 12:58:12', '2022-10-03 12:58:12'),
(103, 59, 86, 59, '2022-10-03 13:00:00', '2022-10-03 13:00:00'),
(104, 64, 88, 65, '2022-10-03 13:01:36', '2022-10-03 13:01:36'),
(105, 22, 10, 222, '2022-10-03 13:46:37', '2022-10-03 13:46:37'),
(106, 11, 8, 63, '2022-10-03 14:13:51', '2022-10-03 14:13:51'),
(107, 74, 100, 74, '2022-10-03 14:14:39', '2022-10-03 14:14:39'),
(108, 30, 60, 48, '2022-10-03 14:21:38', '2022-10-03 14:21:38'),
(109, 108, 53, 204, '2022-10-03 14:24:08', '2022-10-03 14:24:08'),
(110, 51, 45, 114, '2022-10-03 14:29:37', '2022-10-03 14:29:37'),
(111, 52, 48, 108, '2022-10-03 14:31:31', '2022-10-03 14:31:31'),
(112, 48, 44, 108, '2022-10-03 18:05:46', '2022-10-03 18:05:46'),
(113, 28, 89, 28, '2022-10-03 18:07:18', '2022-10-03 18:07:18'),
(114, 47, 78, 61, '2022-10-03 18:07:47', '2022-10-03 18:07:47'),
(115, 7, 68, 8, '2022-10-03 18:16:33', '2022-10-03 18:16:33'),
(116, 20, 55, 36, '2022-10-03 18:42:49', '2022-10-03 18:42:49'),
(117, 12, 35, 15, '2022-10-03 18:45:40', '2022-10-03 18:45:40'),
(118, 22, 70, 26, '2022-10-03 18:48:31', '2022-10-03 18:48:31'),
(119, 30, 72, 40, '2022-10-03 18:49:09', '2022-10-03 18:49:09');

-- --------------------------------------------------------

--
-- Table structure for table `typingstats`
--

CREATE TABLE `typingstats` (
  `user_id` varchar(255) COLLATE utf8mb4_unicode_ci NOT NULL,
  `difficulty_id` varchar(255) COLLATE utf8mb4_unicode_ci NOT NULL,
  `language_id` varchar(255) COLLATE utf8mb4_unicode_ci NOT NULL,
  `wpm` int(11) NOT NULL,
  `acc` int(11) NOT NULL,
  `raw` int(11) NOT NULL,
  `created_at` timestamp NULL DEFAULT NULL,
  `updated_at` timestamp NULL DEFAULT NULL
) ENGINE=InnoDB DEFAULT CHARSET=utf8mb4 COLLATE=utf8mb4_unicode_ci;

--
-- Dumping data for table `typingstats`
--

INSERT INTO `typingstats` (`user_id`, `difficulty_id`, `language_id`, `wpm`, `acc`, `raw`, `created_at`, `updated_at`) VALUES
('1', '3', '1', 108, 53, 204, '2022-10-03 19:53:23', '2022-10-03 19:53:23'),
('2', '1', '1', 44, 96, 45, '2022-10-03 20:34:59', '2022-10-03 20:34:59'),
('1', '1', '1', 14, 50, 16, '2022-10-03 21:00:51', '2022-10-03 21:00:51'),
('1', '1', '1', 9, 6, 50, '2022-10-03 21:01:34', '2022-10-03 21:01:34'),
('1', '1', '1', 14, 9, 100, '2022-10-04 21:21:07', '2022-10-04 21:21:07'),
('1', '1', '1', 12, 46, 16, '2022-10-05 03:34:41', '2022-10-05 03:34:41'),
('1', '1', '1', 18, 50, 19, '2022-10-05 03:36:53', '2022-10-05 03:36:53'),
('1', '1', '1', 16, 54, 16, '2022-10-05 03:39:30', '2022-10-05 03:39:30'),
('1', '1', '1', 34, 13, 264, '2022-10-05 03:40:32', '2022-10-05 03:40:32'),
('1', '1', '1', 15, 72, 16, '2022-10-05 03:53:29', '2022-10-05 03:53:29'),
('1', '1', '1', 0, -8, 142, '2022-10-05 04:12:47', '2022-10-05 04:12:47'),
('1', '1', '1', 24, 32, 70, '2022-10-05 04:13:27', '2022-10-05 04:13:27'),
('1', '1', '1', 37, 88, 40, '2022-10-05 04:45:59', '2022-10-05 04:45:59');

-- --------------------------------------------------------

--
-- Table structure for table `typingstat_ns`
--

CREATE TABLE `typingstat_ns` (
  `typingstat_id` bigint(20) UNSIGNED NOT NULL,
  `difficulties_id` bigint(20) UNSIGNED NOT NULL,
  `languages_id` bigint(20) UNSIGNED NOT NULL,
  `User_id` bigint(20) UNSIGNED NOT NULL,
  `wpm` int(11) NOT NULL,
  `acc` int(11) NOT NULL,
  `raw` int(11) NOT NULL,
  `created_at` timestamp NULL DEFAULT NULL,
  `updated_at` timestamp NULL DEFAULT NULL
) ENGINE=InnoDB DEFAULT CHARSET=utf8mb4 COLLATE=utf8mb4_unicode_ci;

-- --------------------------------------------------------

--
-- Table structure for table `users`
--

CREATE TABLE `users` (
  `id` bigint(20) UNSIGNED NOT NULL,
  `name` varchar(255) COLLATE utf8mb4_unicode_ci NOT NULL,
  `email` varchar(255) COLLATE utf8mb4_unicode_ci NOT NULL,
  `email_verified_at` timestamp NULL DEFAULT NULL,
  `password` varchar(255) COLLATE utf8mb4_unicode_ci NOT NULL,
  `two_factor_secret` text COLLATE utf8mb4_unicode_ci DEFAULT NULL,
  `two_factor_recovery_codes` text COLLATE utf8mb4_unicode_ci DEFAULT NULL,
  `two_factor_confirmed_at` timestamp NULL DEFAULT NULL,
  `remember_token` varchar(100) COLLATE utf8mb4_unicode_ci DEFAULT NULL,
  `current_team_id` bigint(20) UNSIGNED DEFAULT NULL,
  `profile_photo_path` varchar(2048) COLLATE utf8mb4_unicode_ci DEFAULT NULL,
  `created_at` timestamp NULL DEFAULT NULL,
  `updated_at` timestamp NULL DEFAULT NULL,
  `is_admin` tinyint(1) NOT NULL
) ENGINE=InnoDB DEFAULT CHARSET=utf8mb4 COLLATE=utf8mb4_unicode_ci;

--
-- Dumping data for table `users`
--

INSERT INTO `users` (`id`, `name`, `email`, `email_verified_at`, `password`, `two_factor_secret`, `two_factor_recovery_codes`, `two_factor_confirmed_at`, `remember_token`, `current_team_id`, `profile_photo_path`, `created_at`, `updated_at`, `is_admin`) VALUES
(1, 'natpacan sribanhad', 'natpacan.s@kkumail.com', NULL, '$2y$10$eDDPFX198tBrUG9kWzQY9OJFyMbEHNWFoMvCJIHmbPQzkqzVQrUke', NULL, NULL, NULL, 'ecFd8ktNNulP2f10wkyhZ5KpwbIRUhQ4FeDO3Mvl5XJquopomUF34So04txo', NULL, NULL, '2022-09-25 14:34:38', '2022-09-25 14:34:38', 1),
(2, 'peera', 'test@test.com', NULL, '$2y$10$TkiwIbibTwCPwKRpIqj/seBjgCFvJ2cVZtdFyMgiHCUvQ/vJOeqru', NULL, NULL, NULL, NULL, NULL, 'profile-photos/6O4cVnCwvTynhsFMDvMNBvrdLdfrsvDHm2BlKRtn.jpg', '2022-09-30 13:26:04', '2022-10-02 15:25:26', 1),
(3, 'users', 'user@user.com', NULL, '$2y$10$W7Ke0efaNCmPkuDk9UxvIuyTJgFSoHKsYW47lsYcTwCa6YQnhqS7m', NULL, NULL, NULL, 'P8EstrNSUeXE5K8Wl5KYFnJGzxjWcY3l4VlTr6oOSzfPZ1Cei1QCGKJodIG6', NULL, NULL, '2022-09-30 14:13:32', '2022-10-11 20:34:27', 0),
(4, 'user123', 'user1@user1.com', NULL, '$2y$10$jUVMAIjhCfgmJPweTY3jfu8XsVxP8N0CWaysBtl6HRVJUsSrFhRSK', NULL, NULL, NULL, NULL, NULL, NULL, '2022-10-03 09:01:39', '2022-10-11 19:29:47', 0);

-- --------------------------------------------------------

--
-- Table structure for table `user_lessonparts`
--

CREATE TABLE `user_lessonparts` (
  `user_id` varchar(255) COLLATE utf8mb4_unicode_ci NOT NULL,
  `lessonpart_id` varchar(255) COLLATE utf8mb4_unicode_ci NOT NULL,
  `wpm` int(11) NOT NULL,
  `acc` int(11) NOT NULL,
  `raw` int(11) NOT NULL,
  `created_at` timestamp NULL DEFAULT NULL,
  `updated_at` timestamp NULL DEFAULT NULL
) ENGINE=InnoDB DEFAULT CHARSET=utf8mb4 COLLATE=utf8mb4_unicode_ci;

--
-- Dumping data for table `user_lessonparts`
--

INSERT INTO `user_lessonparts` (`user_id`, `lessonpart_id`, `wpm`, `acc`, `raw`, `created_at`, `updated_at`) VALUES
('1', '1', 24, 11, 209, '2022-10-03 11:16:40', '2022-10-03 11:16:40'),
('2', '7', 75, 24, 315, '2022-10-03 11:17:43', '2022-10-03 11:17:43'),
('2', '3', 57, 18, 324, '2022-10-03 11:19:55', '2022-10-03 11:19:55'),
('1', '1', 42, 13, 336, '2022-10-03 14:28:05', '2022-10-03 14:28:05'),
('1', '2', 46, 13, 346, '2022-10-03 14:28:19', '2022-10-03 14:28:19'),
('1', '3', 26, 10, 259, '2022-10-03 14:29:01', '2022-10-03 14:29:01'),
('1', '2', 30, 12, 260, '2022-10-04 13:22:12', '2022-10-04 13:22:12'),
('1', '1', 17, 10, 180, '2022-10-05 04:50:58', '2022-10-05 04:50:58');

-- --------------------------------------------------------

--
-- Table structure for table `words`
--

CREATE TABLE `words` (
  `id` bigint(20) UNSIGNED NOT NULL,
  `words` varchar(255) COLLATE utf8mb4_unicode_ci NOT NULL,
  `difficulties_id` bigint(20) UNSIGNED NOT NULL,
  `languages_id` bigint(20) UNSIGNED NOT NULL,
  `created_at` timestamp NULL DEFAULT NULL,
  `updated_at` timestamp NULL DEFAULT NULL,
  `created_by` varchar(255) COLLATE utf8mb4_unicode_ci NOT NULL,
  `deleted_at` timestamp NULL DEFAULT NULL
) ENGINE=InnoDB DEFAULT CHARSET=utf8mb4 COLLATE=utf8mb4_unicode_ci;

--
-- Dumping data for table `words`
--

INSERT INTO `words` (`id`, `words`, `difficulties_id`, `languages_id`, `created_at`, `updated_at`, `created_by`, `deleted_at`) VALUES
(7, 'ได้', 1, 1, '2022-09-23 20:43:20', '2022-10-03 11:50:42', '', '2022-10-03 11:50:42'),
(8, 'อ่ะ', 1, 1, '2022-09-23 20:43:20', '2022-10-11 17:30:41', '', NULL),
(9, 'ไม่', 1, 1, '2022-09-23 20:43:20', NULL, '', NULL),
(10, 'มา', 1, 1, '2022-09-23 20:43:20', NULL, '', NULL),
(11, 'จะ', 1, 1, '2022-09-23 20:43:20', NULL, '', NULL),
(12, 'เเล้ว', 1, 1, '2022-09-23 20:43:20', NULL, '', NULL),
(13, 'ที่ไป', 1, 1, '2022-09-23 20:43:20', NULL, '', NULL),
(14, 'เรา', 1, 1, '2022-09-23 20:43:20', NULL, '', NULL),
(15, 'คือ', 1, 1, '2022-09-23 20:43:20', NULL, '', NULL),
(16, 'นะคะ', 1, 1, '2022-09-23 20:43:20', NULL, '', NULL),
(17, 'ให้', 1, 1, '2022-09-23 20:43:20', NULL, '', NULL),
(18, 'อัน', 1, 1, '2022-09-23 20:43:20', NULL, '', NULL),
(19, 'การ', 1, 1, '2022-09-23 20:43:20', NULL, '', NULL),
(20, 'อยู่', 1, 1, '2022-09-23 20:43:20', NULL, '', NULL),
(21, 'มัน', 1, 1, '2022-09-23 20:43:20', NULL, '', NULL),
(22, 'ใน', 1, 1, '2022-09-23 20:43:20', NULL, '', NULL),
(23, 'กัน', 1, 1, '2022-09-23 20:43:20', NULL, '', NULL),
(24, 'เนี่ย', 1, 1, '2022-09-23 20:43:20', NULL, '', NULL),
(25, 'ดู', 1, 1, '2022-09-23 20:43:20', NULL, '', NULL),
(26, 'ถ้า', 1, 1, '2022-09-23 20:43:20', NULL, '', NULL),
(27, 'หา', 1, 1, '2022-09-23 20:43:20', NULL, '', NULL),
(28, 'เลย', 1, 1, '2022-09-23 20:43:20', NULL, '', NULL),
(29, 'ทำ', 1, 1, '2022-09-23 20:43:20', NULL, '', NULL),
(30, 'รู', 1, 1, '2022-09-23 20:43:20', NULL, '', NULL),
(31, 'ต้อง', 1, 1, '2022-09-23 20:43:20', NULL, '', NULL),
(32, 'นี้', 1, 1, '2022-09-23 20:43:20', NULL, '', NULL),
(33, 'ตัว', 1, 1, '2022-09-23 20:43:20', NULL, '', NULL),
(34, 'ของ', 1, 1, '2022-09-23 20:43:20', NULL, '', NULL),
(35, 'หรือ', 1, 1, '2022-09-23 20:43:20', NULL, '', NULL),
(36, 'แบบ', 1, 1, '2022-09-23 20:43:20', NULL, '', NULL),
(37, 'กับ', 1, 1, '2022-09-23 20:43:20', NULL, '', NULL),
(38, 'กว่า', 1, 1, '2022-09-23 20:43:20', NULL, '', NULL),
(39, 'ย่าง', 1, 1, '2022-09-23 20:43:20', NULL, '', NULL),
(40, 'อย่าง', 1, 1, '2022-09-23 20:43:20', NULL, '', NULL),
(41, 'ใช้', 1, 1, '2022-09-23 20:43:20', '2022-10-11 03:58:52', '', '2022-10-11 03:58:52'),
(42, 'น้ำ', 1, 1, '2022-09-23 20:43:20', NULL, '', NULL),
(43, 'เอา', 1, 1, '2022-09-23 20:43:20', NULL, '', NULL),
(44, 'นก', 1, 1, '2022-09-23 20:43:20', NULL, '', NULL),
(45, 'จาก', 1, 1, '2022-09-23 20:43:20', NULL, '', NULL),
(46, 'เกิด', 1, 1, '2022-09-23 20:43:20', NULL, '', NULL),
(47, 'ไฟฟ้า', 1, 1, '2022-09-23 20:43:20', NULL, '', NULL),
(48, 'ครู', 1, 1, '2022-09-23 20:43:20', NULL, '', NULL),
(49, 'เห็น', 1, 1, '2022-09-23 20:43:20', NULL, '', NULL),
(50, 'กิน', 1, 1, '2022-09-23 20:43:20', NULL, '', NULL),
(51, 'ข้อ', 1, 1, '2022-09-23 20:43:20', NULL, '', NULL),
(52, 'คน', 1, 1, '2022-09-23 20:43:20', NULL, '', NULL),
(53, 'เสีย', 1, 1, '2022-09-23 20:43:20', NULL, '', NULL),
(54, 'พลังงาน', 3, 1, '2022-09-23 20:43:20', NULL, '', NULL),
(55, 'เยอะ', 1, 1, '2022-09-23 20:43:20', NULL, '', NULL),
(56, 'สิบ', 1, 1, '2022-09-23 20:43:20', NULL, '', NULL),
(57, 'ก่อน', 1, 1, '2022-09-23 20:43:20', NULL, '', NULL),
(58, 'ไม้', 1, 1, '2022-09-23 20:43:20', NULL, '', NULL),
(59, 'ส่วน', 1, 1, '2022-09-23 20:43:20', NULL, '', NULL),
(60, 'ใจ', 1, 1, '2022-09-23 20:43:20', NULL, '', NULL),
(61, 'บ้าง', 1, 1, '2022-09-23 20:43:20', NULL, '', NULL),
(62, 'ใคร', 1, 1, '2022-09-23 20:43:20', NULL, '', NULL),
(63, 'เคย', 1, 1, '2022-09-23 20:43:20', NULL, '', NULL),
(64, 'ไทย', 1, 1, '2022-09-23 20:43:20', NULL, '', NULL),
(66, 'บท', 1, 1, '2022-09-23 20:43:20', NULL, '', NULL),
(67, 'เวลา', 1, 1, '2022-09-23 20:43:20', NULL, '', NULL),
(68, 'รอ', 1, 1, '2022-09-23 20:43:20', NULL, '', NULL),
(69, 'เรียน', 1, 1, '2022-09-23 20:43:20', NULL, '', NULL),
(70, 'สัตว์', 1, 1, '2022-09-23 20:43:20', NULL, '', NULL),
(71, 'สูง', 1, 1, '2022-09-23 20:43:20', NULL, '', NULL),
(72, 'ยาก', 1, 1, '2022-09-23 20:43:20', NULL, '', NULL),
(73, 'ห้า', 1, 1, '2022-09-23 20:43:20', NULL, '', NULL),
(74, 'หมด', 1, 1, '2022-09-23 20:43:20', NULL, '', NULL),
(75, 'ดี', 1, 1, '2022-09-23 20:43:20', NULL, '', NULL),
(76, 'พูด', 1, 1, '2022-09-23 20:43:20', NULL, '', NULL),
(77, 'และ', 1, 1, '2022-09-23 20:43:20', NULL, '', NULL),
(78, 'จำ', 1, 1, '2022-09-23 20:43:20', NULL, '', NULL),
(79, 'เหมือน', 1, 1, '2022-09-23 20:43:20', NULL, '', NULL),
(80, 'ผู้', 1, 1, '2022-09-23 20:43:20', NULL, '', NULL),
(81, 'พืช', 1, 1, '2022-09-23 20:43:20', NULL, '', NULL),
(82, 'ตา', 1, 1, '2022-09-23 20:43:20', NULL, '', NULL),
(83, 'หน้า', 1, 1, '2022-09-23 20:43:20', NULL, '', NULL),
(84, 'พอ', 1, 1, '2022-09-23 20:43:20', NULL, '', NULL),
(85, 'ลาย', 1, 1, '2022-09-23 20:43:20', NULL, '', NULL),
(86, 'ลูก', 1, 1, '2022-09-23 20:43:20', NULL, '', NULL),
(87, 'พวก', 1, 1, '2022-09-23 20:43:20', NULL, '', NULL),
(88, 'เข้าใจ', 1, 1, '2022-09-23 20:43:20', NULL, '', NULL),
(89, 'สิ่ง', 1, 1, '2022-09-23 20:43:20', NULL, '', NULL),
(90, 'ถาม', 1, 1, '2022-09-23 20:43:20', NULL, '', NULL),
(91, 'สี่', 1, 1, '2022-09-23 20:43:20', NULL, '', NULL),
(92, 'ตอบ', 1, 1, '2022-09-23 20:43:20', NULL, '', NULL),
(93, 'นิด', 1, 1, '2022-09-23 20:43:20', NULL, '', NULL),
(94, 'ต่าง', 1, 1, '2022-09-23 20:43:20', NULL, '', NULL),
(95, 'เปล่า', 1, 1, '2022-09-23 20:43:20', NULL, '', NULL),
(96, 'ตาม', 1, 1, '2022-09-23 20:43:20', NULL, '', NULL),
(97, 'ชีวิต', 1, 1, '2022-09-23 20:43:20', NULL, '', NULL),
(98, 'เข้า', 1, 1, '2022-09-23 20:43:20', NULL, '', NULL),
(99, 'งั้น', 1, 1, '2022-09-23 20:43:20', NULL, '', NULL),
(100, 'เช่น', 1, 1, '2022-09-23 20:43:20', NULL, '', NULL),
(101, 'วิทยาศาสตร์', 3, 1, '2022-09-23 20:43:20', NULL, '', NULL),
(102, 'วิธี', 1, 1, '2022-09-23 20:43:20', NULL, '', NULL),
(103, 'พันธุ์', 1, 1, '2022-09-23 20:43:20', NULL, '', NULL),
(104, 'ลักษณะ', 3, 1, '2022-09-23 20:43:20', NULL, '', NULL),
(105, 'ชนิด', 1, 1, '2022-09-23 20:43:20', NULL, '', NULL),
(106, 'เค็ม', 1, 1, '2022-09-23 20:43:20', NULL, '', NULL),
(107, 'เดิม', 1, 1, '2022-09-23 20:43:20', NULL, '', NULL),
(108, 'เมื่อก่อน', 1, 1, '2022-09-23 20:43:20', NULL, '', NULL),
(109, 'เศษ', 1, 1, '2022-09-23 20:43:20', NULL, '', NULL),
(110, 'โอเค', 1, 1, '2022-09-23 20:43:20', NULL, '', NULL),
(111, 'ไล่', 1, 1, '2022-09-23 20:43:20', NULL, '', NULL),
(112, 'ครบ', 1, 1, '2022-09-23 20:43:20', NULL, '', NULL),
(113, 'ทั่วไป', 1, 1, '2022-09-23 20:43:20', NULL, '', NULL),
(114, 'นักศึกษา', 2, 1, '2022-09-23 20:43:20', NULL, '', NULL),
(115, 'พร้อม', 1, 1, '2022-09-23 20:43:20', NULL, '', NULL),
(116, 'พิษ', 1, 1, '2022-09-23 20:43:20', NULL, '', NULL),
(117, 'รู้สึก', 1, 1, '2022-09-23 20:43:20', NULL, '', NULL),
(118, 'เผา', 1, 1, '2022-09-23 20:43:20', NULL, '', NULL),
(119, 'แพลงก์ตอน', 3, 1, '2022-09-23 20:43:20', NULL, '', NULL),
(120, 'กิโลวัตต์', 3, 1, '2022-09-23 20:43:20', NULL, '', NULL),
(121, 'วัตต์', 1, 1, '2022-09-23 20:43:20', NULL, '', NULL),
(122, 'วิทยุ', 1, 1, '2022-09-23 20:43:20', NULL, '', NULL),
(123, 'วิวัฒนาการ', 1, 1, '2022-09-23 20:43:20', NULL, '', NULL),
(124, 'องค์ประกอบ', 1, 1, '2022-09-23 20:43:20', NULL, '', NULL),
(125, 'ใกล้', 1, 1, '2022-09-23 20:43:20', NULL, '', NULL),
(126, 'ขวด', 1, 1, '2022-09-23 20:43:20', NULL, '', NULL),
(127, 'ประหยัด', 1, 1, '2022-09-23 20:43:20', NULL, '', NULL),
(128, 'วัย', 1, 1, '2022-09-23 20:43:20', NULL, '', NULL),
(129, 'เฉลย', 1, 1, '2022-09-23 20:43:20', NULL, '', NULL),
(130, 'เต่า', 1, 1, '2022-09-23 20:43:20', NULL, '', NULL),
(131, 'แถว', 1, 1, '2022-09-23 20:43:20', NULL, '', NULL),
(132, 'ดึง', 1, 1, '2022-09-23 20:43:20', NULL, '', NULL),
(134, 'ถูกต้อง', 1, 1, '2022-09-23 20:43:20', NULL, '', NULL),
(135, 'มะม่วง', 1, 1, '2022-09-23 20:43:20', NULL, '', NULL),
(136, 'ระเบิด', 1, 1, '2022-09-23 20:43:20', NULL, '', NULL),
(137, 'โครงสร้าง', 2, 1, '2022-09-23 20:43:20', NULL, '', NULL),
(138, 'ควบคุม', 1, 1, '2022-09-23 20:43:20', NULL, '', NULL),
(139, 'สาเหตุ', 1, 1, '2022-09-23 20:43:20', NULL, '', NULL),
(140, 'อะมิโน', 1, 1, '2022-09-23 20:43:20', NULL, '', NULL),
(141, 'เลี้ยง', 1, 1, '2022-09-23 20:43:20', NULL, '', NULL),
(142, 'ทบทวน', 1, 1, '2022-09-23 20:43:20', NULL, '', NULL),
(143, 'ฝาก', 1, 1, '2022-09-23 20:43:20', NULL, '', NULL),
(144, 'หนังสือ', 1, 1, '2022-09-23 20:43:20', NULL, '', NULL),
(145, 'หัน', 1, 1, '2022-09-23 20:43:20', NULL, '', NULL),
(146, 'โอโซน', 1, 1, '2022-09-23 20:43:20', NULL, '', NULL),
(147, 'ลึก', 1, 1, '2022-09-23 20:43:20', NULL, '', NULL),
(148, 'สังเกต', 1, 1, '2022-09-23 20:43:20', NULL, '', NULL),
(149, 'สูตร', 1, 1, '2022-09-23 20:43:20', NULL, '', NULL),
(150, 'อวัยวะ', 2, 1, '2022-09-23 20:43:20', NULL, '', NULL),
(151, 'เหตุผล', 2, 1, '2022-09-23 20:43:20', NULL, '', NULL),
(152, 'ไอน้ำ', 1, 1, '2022-09-23 20:43:20', NULL, '', NULL),
(153, 'การเกษตร', 3, 1, '2022-09-23 20:43:20', NULL, '', NULL),
(154, 'แดด', 1, 1, '2022-09-23 20:43:20', NULL, '', NULL),
(155, 'ของเหลว', 2, 1, '2022-09-23 20:43:20', NULL, '', NULL),
(156, 'คง', 1, 1, '2022-09-23 20:43:20', NULL, '', NULL),
(157, 'ปลวก', 1, 1, '2022-09-23 20:43:20', NULL, '', NULL),
(158, 'เชื้อ', 1, 1, '2022-09-23 20:43:20', NULL, '', NULL),
(159, 'เดือน', 1, 1, '2022-09-23 20:43:20', NULL, '', NULL),
(160, 'แอร์', 1, 1, '2022-09-23 20:43:20', NULL, '', NULL),
(161, 'คล้าย', 1, 1, '2022-09-23 20:43:20', NULL, '', NULL),
(162, 'ด้อย', 1, 1, '2022-09-23 20:43:20', NULL, '', NULL),
(163, 'ผลไม้', 1, 1, '2022-09-23 20:43:20', NULL, '', NULL),
(164, 'ริม', 1, 1, '2022-09-23 20:43:20', NULL, '', NULL),
(165, 'ลิง', 1, 1, '2022-09-23 20:43:20', NULL, '', NULL),
(166, 'ริม', 1, 1, '2022-09-23 20:43:20', NULL, '', NULL),
(167, 'เผาไหม้', 1, 1, '2022-09-23 20:43:20', NULL, '', NULL),
(168, 'พันธ์ทาง', 2, 1, '2022-09-23 20:43:20', NULL, '', NULL),
(169, 'พันธุศาสตร์', 3, 1, '2022-09-23 20:43:20', NULL, '', NULL),
(170, 'พาหะ', 1, 1, '2022-09-23 20:43:20', NULL, '', NULL),
(171, 'สาหร่าย', 2, 1, '2022-09-23 20:43:20', NULL, '', NULL),
(172, 'ห่วงโซ่', 1, 1, '2022-09-23 20:43:20', NULL, '', NULL),
(173, 'เกลือ', 1, 1, '2022-09-23 20:43:20', NULL, '', NULL),
(174, 'โอกาส', 1, 1, '2022-09-23 20:43:20', NULL, '', NULL),
(175, 'ใด', 1, 1, '2022-09-23 20:43:20', NULL, '', NULL),
(176, 'ก้อน', 1, 1, '2022-09-23 20:43:20', NULL, '', NULL),
(177, 'ควร', 1, 1, '2022-09-23 20:43:20', NULL, '', NULL),
(178, 'งง', 1, 1, '2022-09-23 20:43:20', NULL, '', NULL),
(179, 'รีบ', 1, 1, '2022-09-23 20:43:20', NULL, '', NULL),
(180, 'ส้ม', 1, 1, '2022-09-23 20:43:20', NULL, '', NULL),
(181, 'ส่อง', 1, 1, '2022-09-23 20:43:20', NULL, '', NULL),
(182, 'หอย', 1, 1, '2022-09-23 20:43:20', NULL, '', NULL),
(183, 'เชื้อเพลิง', 2, 1, '2022-09-23 20:43:20', NULL, '', NULL),
(184, 'เย็น', 1, 1, '2022-09-23 20:43:20', NULL, '', NULL),
(185, 'เหม็น', 1, 1, '2022-09-23 20:43:20', NULL, '', NULL),
(188, 'อาศัย', 1, 1, '2022-09-23 20:43:20', NULL, '', NULL),
(189, 'โทรศัพท์', 2, 1, '2022-09-23 20:43:20', NULL, '', NULL),
(190, 'โทรสาร', 2, 1, '2022-09-23 20:43:20', NULL, '', NULL),
(191, 'ใบไม้', 1, 1, '2022-09-23 20:43:20', NULL, '', NULL),
(192, 'รอยเลื่อย', 1, 1, '2022-09-23 20:43:20', NULL, '', NULL),
(193, 'สปอร์', 1, 1, '2022-09-23 20:43:20', NULL, '', NULL),
(194, 'อุปกรณ์', 2, 1, '2022-09-23 20:43:20', NULL, '', NULL),
(196, 'เสา', 1, 1, '2022-09-23 20:43:20', NULL, '', NULL),
(197, 'เหยี่ยว', 1, 1, '2022-09-23 20:43:20', NULL, '', NULL),
(198, 'แยะ', 1, 1, '2022-09-23 20:43:20', NULL, '', NULL),
(199, 'กัด', 1, 1, '2022-09-23 20:43:20', NULL, '', NULL),
(200, 'กั้น', 1, 1, '2022-09-23 20:43:20', NULL, '', NULL),
(201, 'คูณ', 1, 1, '2022-09-23 20:43:20', NULL, '', NULL),
(202, 'ต้นถั่ว', 1, 1, '2022-09-23 20:43:20', NULL, '', NULL),
(203, 'ต้นถั่ว', 1, 1, '2022-09-23 20:43:20', NULL, '', NULL),
(204, 'ปัจจุบัน', 2, 1, '2022-09-23 20:43:20', NULL, '', NULL),
(205, 'ต้นถั่ว', 1, 1, '2022-09-23 20:43:20', NULL, '', NULL),
(206, 'ปัจจุบัน', 1, 1, '2022-09-23 20:43:20', NULL, '', NULL),
(207, 'สังคม', 1, 1, '2022-09-23 20:43:20', NULL, '', NULL),
(208, 'กระดูก', 1, 1, '2022-09-23 20:43:20', NULL, '', NULL),
(209, 'ป้องกัน', 1, 1, '2022-09-23 20:43:20', NULL, '', NULL),
(210, 'หลักฐาน', 2, 1, '2022-09-23 20:43:20', NULL, '', NULL),
(211, 'ไว', 1, 1, '2022-09-23 20:43:20', NULL, '', NULL),
(212, 'ลิตร', 1, 1, '2022-09-23 20:43:20', NULL, '', NULL),
(213, 'เปลือง', 1, 1, '2022-09-23 20:43:20', NULL, '', NULL),
(214, 'เสริม', 1, 1, '2022-09-23 20:43:20', NULL, '', NULL),
(215, 'เหตุการณ์', 3, 1, '2022-09-23 20:43:20', NULL, '', NULL),
(216, 'เหมาะสม', 1, 1, '2022-09-23 20:43:20', NULL, '', NULL),
(217, 'แกะ', 1, 1, '2022-09-23 20:43:20', NULL, '', NULL),
(218, 'ไก่', 1, 1, '2022-09-23 20:43:20', NULL, '', NULL),
(219, 'ตั๊กแตน', 2, 1, '2022-09-23 20:43:20', NULL, '', NULL),
(220, 'ถัง', 1, 1, '2022-09-23 20:43:20', NULL, '', NULL),
(221, 'นิยม', 1, 1, '2022-09-23 20:43:20', NULL, '', NULL),
(223, 'แร่ธาตุ', 1, 1, '2022-09-23 20:43:20', NULL, '', NULL),
(224, 'โรงไฟฟ้า', 2, 1, '2022-09-23 20:43:20', NULL, '', NULL),
(226, 'ปฏิสนธิ', 3, 1, '2022-09-23 20:43:20', NULL, '', NULL),
(227, 'ปาก', 1, 1, '2022-09-23 20:43:20', NULL, '', NULL),
(228, 'เจริญ', 1, 1, '2022-09-23 20:43:20', NULL, '', NULL),
(229, 'เผื่อ', 1, 1, '2022-09-23 20:43:20', NULL, '', NULL),
(230, 'ไว', 1, 1, '2022-09-23 20:43:20', NULL, '', NULL),
(231, 'กลาย', 1, 1, '2022-09-23 20:43:20', NULL, '', NULL),
(232, 'คำนวณ', 2, 1, '2022-09-23 20:43:20', NULL, '', NULL),
(233, 'คืน', 1, 1, '2022-09-23 20:43:20', NULL, '', NULL),
(234, 'ซื้อ', 1, 1, '2022-09-23 20:43:20', NULL, '', NULL),
(235, 'บันได', 1, 1, '2022-09-23 20:43:20', NULL, '', NULL),
(236, 'พัก', 1, 1, '2022-09-23 20:43:20', NULL, '', NULL),
(237, 'สติ', 1, 1, '2022-09-23 20:43:20', NULL, '', NULL),
(238, 'สัปดาห์', 2, 1, '2022-09-23 20:43:20', NULL, '', NULL),
(239, 'เพศชาย', 1, 1, '2022-09-23 20:43:20', NULL, '', NULL),
(240, 'แหล่งกำเนิด', 2, 1, '2022-09-23 20:43:20', NULL, '', NULL),
(241, 'ชีวมวล', 1, 1, '2022-09-23 20:43:20', NULL, '', NULL),
(242, 'ดูดซับ', 1, 1, '2022-09-23 20:43:20', NULL, '', NULL),
(243, 'ปลอดภัย', 1, 1, '2022-09-23 20:43:20', NULL, '', NULL),
(244, 'ปิรามิด', 1, 1, '2022-09-23 20:43:20', NULL, '', NULL),
(245, 'สุขภาพ', 1, 1, '2022-09-23 20:43:20', NULL, '', NULL),
(246, 'หลักการ', 1, 1, '2022-09-23 20:43:20', NULL, '', NULL),
(247, 'หลุด', 1, 1, '2022-09-23 20:43:20', NULL, '', NULL),
(248, 'เติบโต', 1, 1, '2022-09-23 20:43:20', NULL, '', NULL),
(249, 'ทับถม', 1, 1, '2022-09-23 20:43:20', NULL, '', NULL),
(250, 'บ่อ', 1, 1, '2022-09-23 20:43:20', NULL, '', NULL),
(251, 'ปฏิกิริยา', 3, 1, '2022-09-23 20:43:20', NULL, '', NULL),
(252, 'รักษา', 1, 1, '2022-09-23 20:43:20', NULL, '', NULL),
(253, 'ห่วงโซ่อาหาร', 3, 1, '2022-09-23 20:43:20', NULL, '', NULL),
(254, 'ฮีโมฟีเลีย', 3, 1, '2022-09-23 20:43:20', NULL, '', NULL),
(255, 'ก้อนหิน', 1, 1, '2022-09-23 20:43:20', NULL, '', NULL),
(256, 'กาก', 1, 1, '2022-09-23 20:43:20', NULL, '', NULL),
(257, 'กุ้ง', 1, 1, '2022-09-23 20:43:20', NULL, '', NULL),
(258, 'คอ', 1, 1, '2022-09-23 20:43:20', NULL, '', NULL),
(259, 'ดูด', 1, 1, '2022-09-23 20:43:20', NULL, '', NULL),
(260, 'ตาราง', 1, 1, '2022-09-23 20:43:20', NULL, '', NULL),
(261, 'รีด', 1, 1, '2022-09-23 20:43:20', NULL, '', NULL),
(262, 'รูปแบบ', 1, 1, '2022-09-23 20:43:20', NULL, '', NULL),
(263, 'ลอย', 1, 1, '2022-09-23 20:43:20', NULL, '', NULL),
(264, 'สระ', 1, 1, '2022-09-23 20:43:20', NULL, '', NULL),
(265, 'หัก', 1, 1, '2022-09-23 20:43:20', NULL, '', NULL),
(266, 'อายุ', 1, 1, '2022-09-23 20:43:20', NULL, '', NULL),
(267, 'เช้า', 1, 1, '2022-09-23 20:43:20', NULL, '', NULL),
(268, 'เน่า', 1, 1, '2022-09-23 20:43:20', NULL, '', NULL),
(269, 'เมณู', 1, 1, '2022-09-23 20:43:20', NULL, '', NULL),
(270, 'เรียบร้อย', 1, 1, '2022-09-23 20:43:20', NULL, '', NULL),
(271, 'เอ๊ะ', 1, 1, '2022-09-23 20:43:20', NULL, '', NULL),
(272, 'ครึ่ง', 1, 1, '2022-09-23 20:43:20', NULL, '', NULL),
(273, 'ตลอด', 1, 1, '2022-09-23 20:43:20', NULL, '', NULL),
(274, 'พยายาม', 1, 1, '2022-09-23 20:43:20', NULL, '', NULL),
(275, 'สวย', 1, 1, '2022-09-23 20:43:20', NULL, '', NULL),
(276, 'หลากหลาย', 1, 1, '2022-09-23 20:43:20', NULL, '', NULL),
(277, 'อักษร', 1, 1, '2022-09-23 20:43:20', NULL, '', NULL),
(278, 'แสงอาทิตย์', 2, 1, '2022-09-23 20:43:20', NULL, '', NULL),
(279, 'กระเพาะ', 1, 1, '2022-09-23 20:43:20', NULL, '', NULL),
(280, 'ขา', 1, 1, '2022-09-23 20:43:20', NULL, '', NULL),
(281, 'ผอม', 1, 1, '2022-09-23 20:43:20', NULL, '', NULL),
(282, 'พลาสติก', 2, 1, '2022-09-23 20:43:20', NULL, '', NULL),
(283, 'รูปร่าง', 1, 1, '2022-09-23 20:43:20', NULL, '', NULL),
(284, 'เกี่ยวข้อง', 1, 1, '2022-09-23 20:43:20', NULL, '', NULL),
(285, 'เพิ่มขึ้น', 2, 1, '2022-09-23 20:43:20', NULL, '', NULL),
(286, 'เม็ด', 1, 1, '2022-09-23 20:43:20', NULL, '', NULL),
(287, 'กระดาษ', 2, 1, '2022-09-23 20:43:20', NULL, '', NULL),
(288, 'ชาย', 1, 1, '2022-09-23 20:43:20', NULL, '', NULL),
(289, 'ญี่ปุ่น', 1, 1, '2022-09-23 20:43:20', NULL, '', NULL),
(290, 'ดอก', 1, 1, '2022-09-23 20:43:20', NULL, '', NULL),
(291, 'ต่ำ', 1, 1, '2022-09-23 20:43:20', NULL, '', NULL),
(292, 'ผัด', 1, 1, '2022-09-23 20:43:20', NULL, '', NULL),
(293, 'ผ้า', 1, 1, '2022-09-23 20:43:20', NULL, '', NULL),
(294, 'รอง', 1, 1, '2022-09-23 20:43:20', NULL, '', NULL),
(295, 'ลาวา', 1, 1, '2022-09-23 20:43:20', NULL, '', NULL),
(296, 'สะกด', 1, 1, '2022-09-23 20:43:20', NULL, '', NULL),
(297, 'อุ่น', 1, 1, '2022-09-23 20:43:20', NULL, '', NULL),
(298, 'เหยื่อ', 1, 1, '2022-09-23 20:43:20', NULL, '', NULL),
(299, 'ตะกอน', 1, 1, '2022-09-23 20:43:20', NULL, '', NULL),
(300, 'ฟิสิกส์', 2, 1, '2022-09-23 20:43:20', NULL, '', NULL),
(301, 'มิตร', 1, 1, '2022-09-23 20:43:20', NULL, '', NULL),
(302, 'หายใจ', 1, 1, '2022-09-23 20:43:20', NULL, '', NULL),
(303, 'แก้ว', 1, 1, '2022-09-23 20:43:20', NULL, '', NULL),
(305, 'เครื่องหมาย', 2, 1, '2022-09-23 20:43:20', NULL, '', NULL),
(306, 'เน้น', 1, 1, '2022-09-23 20:43:20', NULL, '', NULL),
(307, 'กิจกรรม', 1, 1, '2022-09-23 20:43:20', NULL, '', NULL),
(308, 'ค้นพบ', 1, 1, '2022-09-23 20:43:20', NULL, '', NULL),
(309, 'จืด', 1, 1, '2022-09-23 20:43:20', NULL, '', NULL),
(310, 'ชิ้น', 1, 1, '2022-09-23 20:43:20', NULL, '', NULL),
(311, 'ต้มยำ', 1, 1, '2022-09-23 20:43:20', NULL, '', NULL),
(312, 'ตรวจ', 1, 1, '2022-09-23 20:43:20', NULL, '', NULL),
(313, 'ท่าเรือ', 1, 1, '2022-09-23 20:43:20', NULL, '', NULL),
(314, 'ปฏิบัติ', 2, 1, '2022-09-23 20:43:20', NULL, '', NULL),
(315, 'ปรับ', 1, 1, '2022-09-23 20:43:20', NULL, '', NULL),
(316, 'ปักกิ่ง', 1, 1, '2022-09-23 20:43:20', NULL, '', NULL),
(317, 'พอดี', 1, 1, '2022-09-23 20:43:20', NULL, '', NULL),
(318, 'ระบาย', 1, 1, '2022-09-23 20:43:20', NULL, '', NULL),
(319, 'ระหว่าง', 1, 1, '2022-09-23 20:43:20', NULL, '', NULL),
(320, 'วงกลม', 1, 1, '2022-09-23 20:43:20', NULL, '', NULL),
(321, 'หยิก', 1, 1, '2022-09-23 20:43:20', NULL, '', NULL),
(322, 'อันดับ', 1, 1, '2022-09-23 20:43:20', NULL, '', NULL),
(323, 'แคลเซียม', 2, 1, '2022-09-23 20:43:20', NULL, '', NULL),
(324, 'ทำลาย', 1, 1, '2022-09-23 20:43:20', NULL, '', NULL),
(325, 'ฟิชชัน', 1, 1, '2022-09-23 20:43:20', NULL, '', NULL),
(326, 'เหา', 1, 1, '2022-09-23 20:43:20', NULL, '', NULL),
(327, 'แป้ง', 1, 1, '2022-09-23 20:43:20', NULL, '', NULL),
(328, 'แอบ', 1, 1, '2022-09-23 20:43:20', NULL, '', NULL),
(330, 'ขาย', 1, 1, '2022-09-23 20:43:20', NULL, '', NULL),
(331, 'ข่าว', 1, 1, '2022-09-23 20:43:20', NULL, '', NULL),
(332, 'ครีมกันแดด', 2, 1, '2022-09-23 20:43:20', NULL, '', NULL),
(333, 'ค้าง', 1, 1, '2022-09-23 20:43:20', NULL, '', NULL),
(334, 'คุณภาพ', 2, 1, '2022-09-23 20:43:20', NULL, '', NULL),
(335, 'คุย', 1, 1, '2022-09-23 20:43:20', NULL, '', NULL),
(336, 'ชุมชน', 1, 1, '2022-09-23 20:43:20', NULL, '', NULL),
(337, 'ทดสอบ', 1, 1, '2022-09-23 20:43:20', NULL, '', NULL),
(338, 'ปีก', 1, 1, '2022-09-23 20:43:20', NULL, '', NULL),
(339, 'ภาค', 1, 1, '2022-09-23 20:43:20', NULL, '', NULL),
(340, 'ม้า', 1, 1, '2022-09-23 20:43:20', NULL, '', NULL),
(341, 'ร่วม', 1, 1, '2022-09-23 20:43:20', NULL, '', NULL),
(342, 'ลงพุง', 1, 1, '2022-09-23 20:43:20', NULL, '', NULL),
(343, 'สบาย', 1, 1, '2022-09-23 20:43:20', NULL, '', NULL),
(344, 'สมัย', 1, 1, '2022-09-23 20:43:20', NULL, '', NULL),
(345, 'หุ้ม', 1, 1, '2022-09-23 20:43:20', NULL, '', NULL),
(346, 'กังหัน', 1, 1, '2022-09-23 20:43:20', NULL, '', NULL),
(347, 'ทรัพยากร', 3, 1, '2022-09-23 20:43:20', NULL, '', NULL),
(348, 'ทองแดง', 1, 1, '2022-09-23 20:43:20', NULL, '', NULL),
(349, 'ฟอสฟอรัส', 3, 1, '2022-09-23 20:43:20', NULL, '', NULL),
(350, 'ศักย์', 1, 1, '2022-09-23 20:43:20', NULL, '', NULL),
(351, 'สิ้นเปลือง', 2, 1, '2022-09-23 20:43:20', NULL, '', NULL),
(352, 'หมุนเวียน', 1, 1, '2022-09-23 20:43:20', NULL, '', NULL),
(353, 'อสุจิ', 1, 1, '2022-09-23 20:43:20', NULL, '', NULL),
(354, 'เงียบ', 1, 1, '2022-09-23 20:43:20', NULL, '', NULL),
(355, 'เจาะ', 1, 1, '2022-09-23 20:43:20', NULL, '', NULL),
(356, 'เนอะ', 1, 1, '2022-09-23 20:43:20', NULL, '', NULL),
(357, 'แนว', 1, 1, '2022-09-23 20:43:20', NULL, '', NULL),
(359, 'ตื่น', 1, 1, '2022-09-23 20:43:20', NULL, '', NULL),
(360, 'ถ้วน', 1, 1, '2022-09-23 20:43:20', NULL, '', NULL),
(361, 'นาข้าว', 1, 1, '2022-09-23 20:43:20', NULL, '', NULL),
(362, 'นิ่ง', 1, 1, '2022-09-23 20:43:20', NULL, '', NULL),
(363, 'ประยุกต์', 2, 1, '2022-09-23 20:43:20', NULL, '', NULL),
(364, 'ปริมาณ', 1, 1, '2022-09-23 20:43:20', NULL, '', NULL),
(365, 'ปลาการ์ตูน', 1, 1, '2022-09-23 20:43:20', NULL, '', NULL),
(366, 'ผง', 1, 1, '2022-09-23 20:43:20', NULL, '', NULL),
(367, 'ผลิตภัณฑ์', 3, 1, '2022-09-23 20:43:20', NULL, '', NULL),
(368, 'พระ', 1, 1, '2022-09-23 20:43:20', NULL, '', NULL),
(369, 'ภูเขา', 1, 1, '2022-09-23 20:43:20', NULL, '', NULL),
(370, 'ส่วนใหญ่', 1, 1, '2022-09-23 20:43:20', NULL, '', NULL),
(371, 'สวัสดี', 1, 1, '2022-09-23 20:43:20', NULL, '', NULL),
(372, 'หมา', 1, 1, '2022-09-23 20:43:20', NULL, '', NULL),
(373, 'เชื้อโรค', 1, 1, '2022-09-23 20:43:20', NULL, '', NULL),
(374, 'เพศหญิง', 1, 1, '2022-09-23 20:43:20', NULL, '', NULL),
(375, 'เฟิร์น', 1, 1, '2022-09-23 20:43:20', NULL, '', NULL),
(376, 'แรงโน้มถ่วง', 1, 1, '2022-09-23 20:43:20', NULL, '', NULL),
(377, 'ดอกไม้', 1, 1, '2022-09-23 20:43:20', NULL, '', NULL),
(378, 'สุดท้าย', 1, 1, '2022-09-23 20:43:20', NULL, '', NULL),
(379, 'กด', 1, 1, '2022-09-23 20:43:20', NULL, '', NULL),
(380, 'ฟัง', 1, 1, '2022-09-23 20:43:20', NULL, '', NULL),
(381, 'สอบ', 1, 1, '2022-09-23 20:43:20', NULL, '', NULL),
(382, 'เด่น', 1, 1, '2022-09-23 20:43:20', NULL, '', NULL),
(383, 'กลาง', 1, 1, '2022-09-23 20:43:20', NULL, '', NULL),
(384, 'ง่าย', 1, 1, '2022-09-23 20:43:20', NULL, '', NULL),
(385, 'จบ', 1, 1, '2022-09-23 20:43:20', NULL, '', NULL),
(386, 'ประเภท', 1, 1, '2022-09-23 20:43:20', NULL, '', NULL),
(387, 'สัญลักษณ์', 3, 1, '2022-09-23 20:43:20', NULL, '', NULL),
(388, 'จุลินทรีย์', 3, 1, '2022-09-23 20:43:20', NULL, '', NULL),
(389, 'ปี', 1, 1, '2022-09-23 20:43:20', NULL, '', NULL),
(390, 'อุณหภูมิ', 3, 1, '2022-09-23 20:43:20', NULL, '', NULL),
(391, 'เนื้อหา', 1, 1, '2022-09-23 20:43:20', NULL, '', NULL),
(392, 'นาน', 1, 1, '2022-09-23 20:43:20', NULL, '', NULL),
(393, 'ยีราฟ', 1, 1, '2022-09-23 20:43:20', NULL, '', NULL),
(394, 'หน้าตา', 1, 1, '2022-09-23 20:43:20', NULL, '', NULL),
(395, 'เพื่อ', 1, 1, '2022-09-23 20:43:20', NULL, '', NULL),
(396, 'ตัด', 1, 1, '2022-09-23 20:43:20', NULL, '', NULL),
(397, 'ขยะ', 1, 1, '2022-09-23 20:43:20', NULL, '', NULL),
(398, 'น้ำมัน', 1, 1, '2022-09-23 20:43:20', NULL, '', NULL),
(399, 'คำตอบ', 1, 1, '2022-09-23 20:43:20', NULL, '', NULL),
(400, 'บาท', 1, 1, '2022-09-23 20:43:20', NULL, '', NULL),
(401, 'แร่', 1, 1, '2022-09-23 20:43:20', NULL, '', NULL),
(402, 'ถ่านหิน', 2, 1, '2022-09-23 20:43:20', NULL, '', NULL),
(403, 'น้ำตาล', 1, 1, '2022-09-23 20:43:20', NULL, '', NULL),
(404, 'ผัก', 1, 1, '2022-09-23 20:43:20', NULL, '', NULL),
(405, 'พันธุกรรม', 3, 1, '2022-09-23 20:43:20', NULL, '', NULL),
(406, 'อ้วน', 1, 1, '2022-09-23 20:43:20', NULL, '', NULL),
(407, 'เคลื่อนที่', 2, 1, '2022-09-23 20:43:20', NULL, '', NULL),
(408, 'เมือง', 1, 1, '2022-09-23 20:43:20', NULL, '', NULL),
(409, 'สึนามิ', 2, 1, '2022-09-23 20:43:20', NULL, '', NULL),
(410, 'เฉพาะ', 1, 1, '2022-09-23 20:43:20', NULL, '', NULL),
(411, 'หลัก', 1, 1, '2022-09-23 20:43:20', NULL, '', NULL),
(412, 'เลข', 1, 1, '2022-09-23 20:43:20', NULL, '', NULL),
(413, 'สั้น', 1, 1, '2022-09-23 20:43:20', NULL, '', NULL),
(414, 'ใต้', 1, 1, '2022-09-23 20:43:20', NULL, '', NULL),
(415, 'เนื้อ', 1, 1, '2022-09-23 20:43:20', NULL, '', NULL),
(416, 'เคมี', 1, 1, '2022-09-23 20:43:20', NULL, '', NULL),
(417, 'ไข่', 1, 1, '2022-09-23 20:43:20', NULL, '', NULL),
(418, 'ทำงาน', 1, 1, '2022-09-23 20:43:20', NULL, '', NULL),
(419, 'ม่วง', 1, 1, '2022-09-23 20:43:20', NULL, '', NULL),
(420, 'เกาะ', 1, 1, '2022-09-23 20:43:20', NULL, '', NULL),
(421, 'เต็ม', 1, 1, '2022-09-23 20:43:20', NULL, '', NULL),
(422, 'แมลง', 1, 1, '2022-09-23 20:43:20', NULL, '', NULL),
(423, 'ขนาด', 1, 1, '2022-09-23 20:43:20', NULL, '', NULL),
(424, 'นอกเหนือ', 2, 1, '2022-09-23 20:43:20', NULL, '', NULL),
(425, 'กลิ่น', 1, 1, '2022-09-23 20:43:20', NULL, '', NULL),
(426, 'น้ำหนัก', 1, 1, '2022-09-23 20:43:20', NULL, '', NULL),
(427, 'อันตราย', 2, 1, '2022-09-23 20:43:20', NULL, '', NULL),
(428, 'เห็ด', 1, 1, '2022-09-23 20:43:20', NULL, '', NULL),
(429, 'ความรู้', 1, 1, '2022-09-23 20:43:20', NULL, '', NULL),
(430, 'คาร์โบไฮเดรต', 3, 1, '2022-09-23 20:43:20', NULL, '', NULL),
(431, 'ป่า', 1, 1, '2022-09-23 20:43:20', NULL, '', NULL),
(432, 'ราก', 1, 1, '2022-09-23 20:43:20', NULL, '', NULL),
(433, 'แทน', 1, 1, '2022-09-23 20:43:20', NULL, '', NULL),
(434, 'รอก', 1, 1, '2022-09-23 20:43:20', NULL, '', NULL),
(435, 'แสง', 1, 1, '2022-09-23 20:43:20', NULL, '', NULL),
(436, 'ฝั่ง', 1, 1, '2022-09-23 20:43:20', NULL, '', NULL),
(437, 'ศุกร์', 1, 1, '2022-09-23 20:43:20', NULL, '', NULL),
(438, 'กฎ', 1, 1, '2022-09-23 20:43:20', NULL, '', NULL),
(439, 'หมุน', 1, 1, '2022-09-23 20:43:20', NULL, '', NULL),
(440, 'หมัก', 1, 1, '2022-09-23 20:43:20', NULL, '', NULL),
(441, 'ห้าม', 1, 1, '2022-09-23 20:43:20', NULL, '', NULL),
(442, 'บอด', 1, 1, '2022-09-23 20:43:20', NULL, '', NULL),
(443, 'เมื่อวาน', 1, 1, '2022-09-23 20:43:20', NULL, '', NULL),
(444, 'ไหว', 1, 1, '2022-09-23 20:43:20', NULL, '', NULL),
(445, 'ขาว', 1, 1, '2022-09-23 20:43:20', NULL, '', NULL),
(446, 'งู', 1, 1, '2022-09-23 20:43:20', NULL, '', NULL),
(447, 'ช่วง', 1, 1, '2022-09-23 20:43:20', NULL, '', NULL),
(448, 'รอบ', 1, 1, '2022-09-23 20:43:20', NULL, '', NULL),
(449, 'โปรตีน', 1, 1, '2022-09-23 20:43:20', NULL, '', NULL),
(450, 'โทร', 1, 1, '2022-09-23 20:43:20', NULL, '', NULL),
(451, 'กำจัด', 1, 1, '2022-09-23 20:43:20', NULL, '', NULL),
(452, 'ลำดับ', 1, 1, '2022-09-23 20:43:20', NULL, '', NULL),
(453, 'ว่าง', 1, 1, '2022-09-23 20:43:20', NULL, '', NULL),
(454, 'ศูนย์', 1, 1, '2022-09-23 20:43:20', NULL, '', NULL),
(455, 'แย่', 1, 1, '2022-09-23 20:43:20', NULL, '', NULL),
(456, 'ขยาย', 1, 1, '2022-09-23 20:43:20', NULL, '', NULL),
(457, 'ขาด', 1, 1, '2022-09-23 20:43:20', NULL, '', NULL),
(458, 'ตั้ง', 1, 1, '2022-09-23 20:43:20', NULL, '', NULL),
(459, 'ล่าง', 1, 1, '2022-09-23 20:43:20', NULL, '', NULL),
(460, 'ทฤษฎี', 3, 1, '2022-09-23 20:43:20', NULL, '', NULL),
(461, 'ภาวะ', 1, 1, '2022-09-23 20:43:20', NULL, '', NULL),
(462, 'โครโมโซม', 1, 1, '2022-09-23 20:43:20', NULL, '', NULL),
(463, 'ครั้ง', 2, 1, '2022-09-23 20:43:20', NULL, '', NULL),
(464, 'ทอดทิ้ง', 1, 1, '2022-09-23 20:43:20', NULL, '', NULL),
(465, 'นึก', 1, 1, '2022-09-23 20:43:20', NULL, '', NULL),
(466, 'บางที', 1, 1, '2022-09-23 20:43:20', NULL, '', NULL),
(467, 'รุ่น', 1, 1, '2022-09-23 20:43:20', NULL, '', NULL),
(468, 'ลาก', 1, 1, '2022-09-23 20:43:20', NULL, '', NULL),
(469, 'หาย', 1, 1, '2022-09-23 20:43:20', NULL, '', NULL),
(470, 'สงสัย', 1, 1, '2022-09-23 20:43:20', NULL, '', NULL),
(471, 'หัวล้าน', 1, 1, '2022-09-23 20:43:20', NULL, '', NULL),
(472, 'แก้', 1, 1, '2022-09-23 20:43:20', NULL, '', NULL),
(473, 'ข้อสอบ', 1, 1, '2022-09-23 20:43:20', NULL, '', NULL),
(474, 'สภาพ', 1, 1, '2022-09-23 20:43:20', NULL, '', NULL),
(475, 'นิวเคลียร์', 3, 1, '2022-09-23 20:43:20', NULL, '', NULL),
(476, 'เท่านั้น', 1, 1, '2022-09-23 20:43:20', NULL, '', NULL),
(477, 'ก่อ', 1, 1, '2022-09-23 20:43:20', NULL, '', NULL),
(478, 'บิน', 1, 1, '2022-09-23 20:43:20', NULL, '', NULL),
(479, 'ปิด', 1, 1, '2022-09-23 20:43:20', NULL, '', NULL),
(480, 'ผิว', 1, 1, '2022-09-23 20:43:20', NULL, '', NULL),
(481, 'พา', 1, 1, '2022-09-23 20:43:20', NULL, '', NULL),
(482, 'ลืม', 1, 1, '2022-09-23 20:43:20', NULL, '', NULL),
(484, 'ยูวี', 1, 1, '2022-09-23 20:43:20', NULL, '', NULL),
(485, 'สิ่งแวดล้อม', 3, 1, '2022-09-23 20:43:20', NULL, '', NULL),
(486, 'สรุป', 1, 1, '2022-09-23 20:43:20', NULL, '', NULL),
(488, 'คาร์บอน', 1, 1, '2022-09-23 20:43:20', NULL, '', NULL),
(489, 'กำหนด', 1, 1, '2022-09-23 20:43:20', NULL, '', NULL),
(490, 'ละเอียด', 1, 1, '2022-09-23 20:43:20', NULL, '', NULL),
(491, 'แผ่นดินไหว', 3, 1, '2022-09-23 20:43:20', NULL, '', NULL),
(492, 'รังสี', 1, 1, '2022-09-23 20:43:20', NULL, '', NULL),
(493, 'สะอาด', 1, 1, '2022-09-23 20:43:20', NULL, '', NULL),
(494, 'อธิบาย', 1, 1, '2022-09-23 20:43:20', NULL, '', NULL),
(495, 'เล่น', 1, 1, '2022-09-23 20:43:20', NULL, '', NULL),
(496, 'กลม', 1, 1, '2022-09-23 20:43:20', NULL, '', NULL),
(497, 'เปลี่ยนแปลง', 3, 1, '2022-09-23 20:43:20', NULL, '', NULL),
(498, 'พื้นที่', 1, 1, '2022-09-23 20:43:20', NULL, '', NULL),
(499, 'กระทบ', 1, 1, '2022-09-23 20:43:20', NULL, '', NULL),
(500, 'ถ่ายทอด', 2, 1, '2022-09-23 20:43:20', NULL, '', NULL),
(501, 'Easy', 1, 2, NULL, NULL, '', NULL),
(502, 'ธรรมดา', 2, 1, NULL, NULL, '', NULL),
(503, 'normally', 2, 2, NULL, NULL, '', NULL),
(504, 'Normally1', 2, 2, NULL, NULL, '', NULL),
(512, 'สวัสดี', 1, 1, NULL, NULL, 'peera', NULL),
(522, 'สับปะรด', 1, 1, '2022-10-04 21:55:44', '2022-10-04 21:55:44', 'natpacan sribanhad', NULL),
(523, 'แอปเปิ้ล', 1, 1, '2022-10-11 02:37:06', '2022-10-11 02:38:00', 'peera', '2022-10-11 02:38:00'),
(524, 'mango', 1, 2, '2022-10-11 15:32:02', '2022-10-11 15:32:02', 'peera', NULL),
(525, '525', 2, 2, '2022-10-11 16:29:12', '2022-10-11 17:28:03', 'peera', '2022-10-11 17:28:03'),
(526, 'Hard', 3, 2, '2022-10-11 16:29:22', '2022-10-11 17:28:33', 'peera', NULL),
(527, 'Easy1', 1, 2, '2022-11-23 05:11:03', '2022-11-23 05:11:03', 'peera', NULL);

-- --------------------------------------------------------

--
-- Table structure for table `word_models`
--

CREATE TABLE `word_models` (
  `id` bigint(20) UNSIGNED NOT NULL,
  `words` varchar(255) COLLATE utf8mb4_unicode_ci NOT NULL,
  `difficulty_id` varchar(255) COLLATE utf8mb4_unicode_ci NOT NULL,
  `language_id` varchar(255) COLLATE utf8mb4_unicode_ci NOT NULL,
  `created_at` timestamp NULL DEFAULT NULL,
  `updated_at` timestamp NULL DEFAULT NULL,
  `created_by` varchar(255) COLLATE utf8mb4_unicode_ci NOT NULL,
  `deleted_at` timestamp NULL DEFAULT NULL
) ENGINE=InnoDB DEFAULT CHARSET=utf8mb4 COLLATE=utf8mb4_unicode_ci;

--
-- Dumping data for table `word_models`
--

INSERT INTO `word_models` (`id`, `words`, `difficulty_id`, `language_id`, `created_at`, `updated_at`, `created_by`, `deleted_at`) VALUES
(7, 'ได้', '1', '1', '2022-09-24 03:43:20', '2022-10-03 18:50:42', '', '2022-10-03 18:50:42'),
(8, 'อ่ะ', '1', '1', '2022-09-24 03:43:20', NULL, '', NULL),
(9, 'ไม่', '1', '1', '2022-09-24 03:43:20', NULL, '', NULL),
(10, 'มา', '1', '1', '2022-09-24 03:43:20', NULL, '', NULL),
(11, 'จะ', '1', '1', '2022-09-24 03:43:20', NULL, '', NULL),
(12, 'เเล้ว', '1', '1', '2022-09-24 03:43:20', NULL, '', NULL),
(13, 'ที่ไป', '1', '1', '2022-09-24 03:43:20', NULL, '', NULL),
(14, 'เรา', '1', '1', '2022-09-24 03:43:20', NULL, '', NULL),
(15, 'คือ', '1', '1', '2022-09-24 03:43:20', NULL, '', NULL),
(16, 'นะคะ', '1', '1', '2022-09-24 03:43:20', NULL, '', NULL),
(17, 'ให้', '1', '1', '2022-09-24 03:43:20', NULL, '', NULL),
(18, 'อัน', '1', '1', '2022-09-24 03:43:20', NULL, '', NULL),
(19, 'การ', '1', '1', '2022-09-24 03:43:20', NULL, '', NULL),
(20, 'อยู่', '1', '1', '2022-09-24 03:43:20', NULL, '', NULL),
(21, 'มัน', '1', '1', '2022-09-24 03:43:20', NULL, '', NULL),
(22, 'ใน', '1', '1', '2022-09-24 03:43:20', NULL, '', NULL),
(23, 'กัน', '1', '1', '2022-09-24 03:43:20', NULL, '', NULL),
(24, 'เนี่ย', '1', '1', '2022-09-24 03:43:20', NULL, '', NULL),
(25, 'ดู', '1', '1', '2022-09-24 03:43:20', NULL, '', NULL),
(26, 'ถ้า', '1', '1', '2022-09-24 03:43:20', NULL, '', NULL),
(27, 'หา', '1', '1', '2022-09-24 03:43:20', NULL, '', NULL),
(28, 'เลย', '1', '1', '2022-09-24 03:43:20', NULL, '', NULL),
(29, 'ทำ', '1', '1', '2022-09-24 03:43:20', NULL, '', NULL),
(30, 'รู', '1', '1', '2022-09-24 03:43:20', NULL, '', NULL),
(31, 'ต้อง', '1', '1', '2022-09-24 03:43:20', NULL, '', NULL),
(32, 'นี้', '1', '1', '2022-09-24 03:43:20', NULL, '', NULL),
(33, 'ตัว', '1', '1', '2022-09-24 03:43:20', NULL, '', NULL),
(34, 'ของ', '1', '1', '2022-09-24 03:43:20', NULL, '', NULL),
(35, 'หรือ', '1', '1', '2022-09-24 03:43:20', NULL, '', NULL),
(36, 'แบบ', '1', '1', '2022-09-24 03:43:20', NULL, '', NULL),
(37, 'กับ', '1', '1', '2022-09-24 03:43:20', NULL, '', NULL),
(38, 'กว่า', '1', '1', '2022-09-24 03:43:20', NULL, '', NULL),
(39, 'ย่าง', '1', '1', '2022-09-24 03:43:20', NULL, '', NULL),
(40, 'อย่าง', '1', '1', '2022-09-24 03:43:20', NULL, '', NULL),
(41, 'ใช้', '1', '1', '2022-09-24 03:43:20', NULL, '', NULL),
(42, 'น้ำ', '1', '1', '2022-09-24 03:43:20', NULL, '', NULL),
(43, 'เอา', '1', '1', '2022-09-24 03:43:20', NULL, '', NULL),
(44, 'นก', '1', '1', '2022-09-24 03:43:20', NULL, '', NULL),
(45, 'จาก', '1', '1', '2022-09-24 03:43:20', NULL, '', NULL),
(46, 'เกิด', '1', '1', '2022-09-24 03:43:20', NULL, '', NULL),
(47, 'ไฟฟ้า', '1', '1', '2022-09-24 03:43:20', NULL, '', NULL),
(48, 'ครู', '1', '1', '2022-09-24 03:43:20', NULL, '', NULL),
(49, 'เห็น', '1', '1', '2022-09-24 03:43:20', NULL, '', NULL),
(50, 'กิน', '1', '1', '2022-09-24 03:43:20', NULL, '', NULL),
(51, 'ข้อ', '1', '1', '2022-09-24 03:43:20', NULL, '', NULL),
(52, 'คน', '1', '1', '2022-09-24 03:43:20', NULL, '', NULL),
(53, 'เสีย', '1', '1', '2022-09-24 03:43:20', NULL, '', NULL),
(54, 'พลังงาน', '1', '1', '2022-09-24 03:43:20', NULL, '', NULL),
(55, 'เยอะ', '1', '1', '2022-09-24 03:43:20', NULL, '', NULL),
(56, 'สิบ', '1', '1', '2022-09-24 03:43:20', NULL, '', NULL),
(57, 'ก่อน', '1', '1', '2022-09-24 03:43:20', NULL, '', NULL),
(58, 'ไม้', '1', '1', '2022-09-24 03:43:20', NULL, '', NULL),
(59, 'ส่วน', '1', '1', '2022-09-24 03:43:20', NULL, '', NULL),
(60, 'ใจ', '1', '1', '2022-09-24 03:43:20', NULL, '', NULL),
(61, 'บ้าง', '1', '1', '2022-09-24 03:43:20', NULL, '', NULL),
(62, 'ใคร', '1', '1', '2022-09-24 03:43:20', NULL, '', NULL),
(63, 'เคย', '1', '1', '2022-09-24 03:43:20', NULL, '', NULL),
(64, 'ไทย', '1', '1', '2022-09-24 03:43:20', NULL, '', NULL),
(66, 'บท', '1', '1', '2022-09-24 03:43:20', NULL, '', NULL),
(67, 'เวลา', '1', '1', '2022-09-24 03:43:20', NULL, '', NULL),
(68, 'รอ', '1', '1', '2022-09-24 03:43:20', NULL, '', NULL),
(69, 'เรียน', '1', '1', '2022-09-24 03:43:20', NULL, '', NULL),
(70, 'สัตว์', '1', '1', '2022-09-24 03:43:20', NULL, '', NULL),
(71, 'สูง', '1', '1', '2022-09-24 03:43:20', NULL, '', NULL),
(72, 'ยาก', '1', '1', '2022-09-24 03:43:20', NULL, '', NULL),
(73, 'ห้า', '1', '1', '2022-09-24 03:43:20', NULL, '', NULL),
(74, 'หมด', '1', '1', '2022-09-24 03:43:20', NULL, '', NULL),
(75, 'ดี', '1', '1', '2022-09-24 03:43:20', NULL, '', NULL),
(76, 'พูด', '1', '1', '2022-09-24 03:43:20', NULL, '', NULL),
(77, 'และ', '1', '1', '2022-09-24 03:43:20', NULL, '', NULL),
(78, 'จำ', '1', '1', '2022-09-24 03:43:20', NULL, '', NULL),
(79, 'เหมือน', '1', '1', '2022-09-24 03:43:20', NULL, '', NULL),
(80, 'ผู้', '1', '1', '2022-09-24 03:43:20', NULL, '', NULL),
(81, 'พืช', '1', '1', '2022-09-24 03:43:20', NULL, '', NULL),
(82, 'ตา', '1', '1', '2022-09-24 03:43:20', NULL, '', NULL),
(83, 'หน้า', '1', '1', '2022-09-24 03:43:20', NULL, '', NULL),
(84, 'พอ', '1', '1', '2022-09-24 03:43:20', NULL, '', NULL),
(85, 'ลาย', '1', '1', '2022-09-24 03:43:20', NULL, '', NULL),
(86, 'ลูก', '1', '1', '2022-09-24 03:43:20', NULL, '', NULL),
(87, 'พวก', '1', '1', '2022-09-24 03:43:20', NULL, '', NULL),
(88, 'เข้าใจ', '1', '1', '2022-09-24 03:43:20', NULL, '', NULL),
(89, 'สิ่ง', '1', '1', '2022-09-24 03:43:20', NULL, '', NULL),
(90, 'ถาม', '1', '1', '2022-09-24 03:43:20', NULL, '', NULL),
(91, 'สี่', '1', '1', '2022-09-24 03:43:20', NULL, '', NULL),
(92, 'ตอบ', '1', '1', '2022-09-24 03:43:20', NULL, '', NULL),
(93, 'นิด', '1', '1', '2022-09-24 03:43:20', NULL, '', NULL),
(94, 'ต่าง', '1', '1', '2022-09-24 03:43:20', NULL, '', NULL),
(95, 'เปล่า', '1', '1', '2022-09-24 03:43:20', NULL, '', NULL),
(96, 'ตาม', '1', '1', '2022-09-24 03:43:20', NULL, '', NULL),
(97, 'ชีวิต', '1', '1', '2022-09-24 03:43:20', NULL, '', NULL),
(98, 'เข้า', '1', '1', '2022-09-24 03:43:20', NULL, '', NULL),
(99, 'งั้น', '1', '1', '2022-09-24 03:43:20', NULL, '', NULL),
(100, 'เช่น', '1', '1', '2022-09-24 03:43:20', NULL, '', NULL),
(101, 'วิทยาศาตร์', '1', '1', '2022-09-24 03:43:20', NULL, '', NULL),
(102, 'วิธี', '1', '1', '2022-09-24 03:43:20', NULL, '', NULL),
(103, 'พันธุ์', '1', '1', '2022-09-24 03:43:20', NULL, '', NULL),
(104, 'ลักษณะ', '1', '1', '2022-09-24 03:43:20', NULL, '', NULL),
(105, 'ชนิด', '1', '1', '2022-09-24 03:43:20', NULL, '', NULL),
(106, 'เค็ม', '1', '1', '2022-09-24 03:43:20', NULL, '', NULL),
(107, 'เดิม', '1', '1', '2022-09-24 03:43:20', NULL, '', NULL),
(108, 'เมื่อก่อน', '1', '1', '2022-09-24 03:43:20', NULL, '', NULL),
(109, 'เศษ', '1', '1', '2022-09-24 03:43:20', NULL, '', NULL),
(110, 'โอเค', '1', '1', '2022-09-24 03:43:20', NULL, '', NULL),
(111, 'ไล่', '1', '1', '2022-09-24 03:43:20', NULL, '', NULL),
(112, 'ครบ', '1', '1', '2022-09-24 03:43:20', NULL, '', NULL),
(113, 'ทั่วไป', '1', '1', '2022-09-24 03:43:20', NULL, '', NULL),
(114, 'นักศึกษา', '1', '1', '2022-09-24 03:43:20', NULL, '', NULL),
(115, 'พร้อม', '1', '1', '2022-09-24 03:43:20', NULL, '', NULL),
(116, 'พิษ', '1', '1', '2022-09-24 03:43:20', NULL, '', NULL),
(117, 'รู้สึก', '1', '1', '2022-09-24 03:43:20', NULL, '', NULL),
(118, 'เผา', '1', '1', '2022-09-24 03:43:20', NULL, '', NULL),
(119, 'แพลงก์ตอน', '1', '1', '2022-09-24 03:43:20', NULL, '', NULL),
(120, 'กิโลวัตต์', '1', '1', '2022-09-24 03:43:20', NULL, '', NULL),
(121, 'วัตต์', '1', '1', '2022-09-24 03:43:20', NULL, '', NULL),
(122, 'วิทยุ', '1', '1', '2022-09-24 03:43:20', NULL, '', NULL),
(123, 'วิวัฒนาการ', '1', '1', '2022-09-24 03:43:20', NULL, '', NULL),
(124, 'องค์ประกอบ', '1', '1', '2022-09-24 03:43:20', NULL, '', NULL),
(125, 'ใกล้', '1', '1', '2022-09-24 03:43:20', NULL, '', NULL),
(126, 'ขวด', '1', '1', '2022-09-24 03:43:20', NULL, '', NULL),
(127, 'ประหยัด', '1', '1', '2022-09-24 03:43:20', NULL, '', NULL),
(128, 'วัย', '1', '1', '2022-09-24 03:43:20', NULL, '', NULL),
(129, 'เฉลย', '1', '1', '2022-09-24 03:43:20', NULL, '', NULL),
(130, 'เต่า', '1', '1', '2022-09-24 03:43:20', NULL, '', NULL),
(131, 'แถว', '1', '1', '2022-09-24 03:43:20', NULL, '', NULL),
(132, 'ดึง', '1', '1', '2022-09-24 03:43:20', NULL, '', NULL),
(133, 'ถูกต้อง', '1', '1', '2022-09-24 03:43:20', NULL, '', NULL),
(134, 'ถูกต้อง', '1', '1', '2022-09-24 03:43:20', NULL, '', NULL),
(135, 'มะม่วง', '1', '1', '2022-09-24 03:43:20', NULL, '', NULL),
(136, 'ระเบิด', '1', '1', '2022-09-24 03:43:20', NULL, '', NULL),
(137, 'โครงสร้าง', '1', '1', '2022-09-24 03:43:20', NULL, '', NULL),
(138, 'ควบคุม', '1', '1', '2022-09-24 03:43:20', NULL, '', NULL),
(139, 'สาเหตุ', '1', '1', '2022-09-24 03:43:20', NULL, '', NULL),
(140, 'อะมิโน', '1', '1', '2022-09-24 03:43:20', NULL, '', NULL),
(141, 'เลี้ยง', '1', '1', '2022-09-24 03:43:20', NULL, '', NULL),
(142, 'ทบทวน', '1', '1', '2022-09-24 03:43:20', NULL, '', NULL),
(143, 'ฝาก', '1', '1', '2022-09-24 03:43:20', NULL, '', NULL),
(144, 'หนังสือ', '1', '1', '2022-09-24 03:43:20', NULL, '', NULL),
(145, 'หัน', '1', '1', '2022-09-24 03:43:20', NULL, '', NULL),
(146, 'โอโซน', '1', '1', '2022-09-24 03:43:20', NULL, '', NULL),
(147, 'ลึก', '1', '1', '2022-09-24 03:43:20', NULL, '', NULL),
(148, 'สังเกต', '1', '1', '2022-09-24 03:43:20', NULL, '', NULL),
(149, 'สูตร', '1', '1', '2022-09-24 03:43:20', NULL, '', NULL),
(150, 'อวัยวะ', '1', '1', '2022-09-24 03:43:20', NULL, '', NULL),
(151, 'เหตุผล', '1', '1', '2022-09-24 03:43:20', NULL, '', NULL),
(152, 'ไอน้ำ', '1', '1', '2022-09-24 03:43:20', NULL, '', NULL),
(153, 'การเกษตร', '1', '1', '2022-09-24 03:43:20', NULL, '', NULL),
(154, 'แดด', '1', '1', '2022-09-24 03:43:20', NULL, '', NULL),
(155, 'ของเหลว', '1', '1', '2022-09-24 03:43:20', NULL, '', NULL),
(156, 'คง', '1', '1', '2022-09-24 03:43:20', NULL, '', NULL),
(157, 'ปลวก', '1', '1', '2022-09-24 03:43:20', NULL, '', NULL),
(158, 'เชื้อ', '1', '1', '2022-09-24 03:43:20', NULL, '', NULL),
(159, 'เดือน', '1', '1', '2022-09-24 03:43:20', NULL, '', NULL),
(160, 'แอร์', '1', '1', '2022-09-24 03:43:20', NULL, '', NULL),
(161, 'คล้าย', '1', '1', '2022-09-24 03:43:20', NULL, '', NULL),
(162, 'ด้อย', '1', '1', '2022-09-24 03:43:20', NULL, '', NULL),
(163, 'ผลไม้', '1', '1', '2022-09-24 03:43:20', NULL, '', NULL),
(164, 'ริม', '1', '1', '2022-09-24 03:43:20', NULL, '', NULL),
(165, 'ลิง', '1', '1', '2022-09-24 03:43:20', NULL, '', NULL),
(166, 'ริม', '1', '1', '2022-09-24 03:43:20', NULL, '', NULL),
(167, 'เผาไหม้', '1', '1', '2022-09-24 03:43:20', NULL, '', NULL),
(168, 'พันธ์ทาง', '1', '1', '2022-09-24 03:43:20', NULL, '', NULL),
(169, 'พันธุศาสตร์', '1', '1', '2022-09-24 03:43:20', NULL, '', NULL),
(170, 'พาหะ', '1', '1', '2022-09-24 03:43:20', NULL, '', NULL),
(171, 'สาหร่าย', '1', '1', '2022-09-24 03:43:20', NULL, '', NULL),
(172, 'ห่วงโซ่', '1', '1', '2022-09-24 03:43:20', NULL, '', NULL),
(173, 'เกลือ', '1', '1', '2022-09-24 03:43:20', NULL, '', NULL),
(174, 'โอกาส', '1', '1', '2022-09-24 03:43:20', NULL, '', NULL),
(175, 'ใด', '1', '1', '2022-09-24 03:43:20', NULL, '', NULL),
(176, 'ก้อน', '1', '1', '2022-09-24 03:43:20', NULL, '', NULL),
(177, 'ควร', '1', '1', '2022-09-24 03:43:20', NULL, '', NULL),
(178, 'งง', '1', '1', '2022-09-24 03:43:20', NULL, '', NULL),
(179, 'รีบ', '1', '1', '2022-09-24 03:43:20', NULL, '', NULL),
(180, 'ส้ม', '1', '1', '2022-09-24 03:43:20', NULL, '', NULL),
(181, 'ส่อง', '1', '1', '2022-09-24 03:43:20', NULL, '', NULL),
(182, 'หอย', '1', '1', '2022-09-24 03:43:20', NULL, '', NULL),
(183, 'เชื้อเพลิง', '1', '1', '2022-09-24 03:43:20', NULL, '', NULL),
(184, 'เย็น', '1', '1', '2022-09-24 03:43:20', NULL, '', NULL),
(185, 'เหม็น', '1', '1', '2022-09-24 03:43:20', NULL, '', NULL),
(188, 'อาศัย', '1', '1', '2022-09-24 03:43:20', NULL, '', NULL),
(189, 'โทรศัพท์', '1', '1', '2022-09-24 03:43:20', NULL, '', NULL),
(190, 'โทรสาร', '1', '1', '2022-09-24 03:43:20', NULL, '', NULL),
(191, 'ใบไม้', '1', '1', '2022-09-24 03:43:20', NULL, '', NULL),
(192, 'รอยเลื่อย', '1', '1', '2022-09-24 03:43:20', NULL, '', NULL),
(193, 'สปอร์', '1', '1', '2022-09-24 03:43:20', NULL, '', NULL),
(194, 'อุปกรณ์', '1', '1', '2022-09-24 03:43:20', NULL, '', NULL),
(196, 'เสา', '1', '1', '2022-09-24 03:43:20', NULL, '', NULL),
(197, 'เหยี่ยว', '1', '1', '2022-09-24 03:43:20', NULL, '', NULL),
(198, 'แยะ', '1', '1', '2022-09-24 03:43:20', NULL, '', NULL),
(199, 'กัด', '1', '1', '2022-09-24 03:43:20', NULL, '', NULL),
(200, 'กั้น', '1', '1', '2022-09-24 03:43:20', NULL, '', NULL),
(201, 'คูณ', '1', '1', '2022-09-24 03:43:20', NULL, '', NULL),
(202, 'ต้นถั่ว', '1', '1', '2022-09-24 03:43:20', NULL, '', NULL),
(203, 'ต้นถั่ว', '1', '1', '2022-09-24 03:43:20', NULL, '', NULL),
(204, 'ปัจจุบัน', '1', '1', '2022-09-24 03:43:20', NULL, '', NULL),
(205, 'ต้นถั่ว', '1', '1', '2022-09-24 03:43:20', NULL, '', NULL),
(206, 'ปัจจุบัน', '1', '1', '2022-09-24 03:43:20', NULL, '', NULL),
(207, 'สังคม', '1', '1', '2022-09-24 03:43:20', NULL, '', NULL),
(208, 'กระดูก', '1', '1', '2022-09-24 03:43:20', NULL, '', NULL),
(209, 'ป้องกัน', '1', '1', '2022-09-24 03:43:20', NULL, '', NULL),
(210, 'หลักฐาน', '1', '1', '2022-09-24 03:43:20', NULL, '', NULL),
(211, 'ไว', '1', '1', '2022-09-24 03:43:20', NULL, '', NULL),
(212, 'ลิตร', '1', '1', '2022-09-24 03:43:20', NULL, '', NULL),
(213, 'เปลือง', '1', '1', '2022-09-24 03:43:20', NULL, '', NULL),
(214, 'เสริม', '1', '1', '2022-09-24 03:43:20', NULL, '', NULL),
(215, 'เหตุการณ์', '1', '1', '2022-09-24 03:43:20', NULL, '', NULL),
(216, 'เหมาะสม', '1', '1', '2022-09-24 03:43:20', NULL, '', NULL),
(217, 'แกะ', '1', '1', '2022-09-24 03:43:20', NULL, '', NULL),
(218, 'ไก่', '1', '1', '2022-09-24 03:43:20', NULL, '', NULL),
(219, 'ตั๊กแตน', '1', '1', '2022-09-24 03:43:20', NULL, '', NULL),
(220, 'ถัง', '1', '1', '2022-09-24 03:43:20', NULL, '', NULL),
(221, 'นิยม', '1', '1', '2022-09-24 03:43:20', NULL, '', NULL),
(223, 'แร่ธาตุ', '1', '1', '2022-09-24 03:43:20', NULL, '', NULL),
(224, 'โรงไฟฟ้า', '1', '1', '2022-09-24 03:43:20', NULL, '', NULL),
(226, 'ปฏิสนธิ', '1', '1', '2022-09-24 03:43:20', NULL, '', NULL),
(227, 'ปาก', '1', '1', '2022-09-24 03:43:20', NULL, '', NULL),
(228, 'เจริญ', '1', '1', '2022-09-24 03:43:20', NULL, '', NULL),
(229, 'เผื่อ', '1', '1', '2022-09-24 03:43:20', NULL, '', NULL),
(230, 'ไว', '1', '1', '2022-09-24 03:43:20', NULL, '', NULL),
(231, 'กลาย', '1', '1', '2022-09-24 03:43:20', NULL, '', NULL),
(232, 'คำนวณ', '1', '1', '2022-09-24 03:43:20', NULL, '', NULL),
(233, 'คืน', '1', '1', '2022-09-24 03:43:20', NULL, '', NULL),
(234, 'ซื้อ', '1', '1', '2022-09-24 03:43:20', NULL, '', NULL),
(235, 'บันได', '1', '1', '2022-09-24 03:43:20', NULL, '', NULL),
(236, 'พัก', '1', '1', '2022-09-24 03:43:20', NULL, '', NULL),
(237, 'สติ', '1', '1', '2022-09-24 03:43:20', NULL, '', NULL),
(238, 'สัปดาห์', '1', '1', '2022-09-24 03:43:20', NULL, '', NULL),
(239, 'เพศชาย', '1', '1', '2022-09-24 03:43:20', NULL, '', NULL),
(240, 'แหล่งกำเนิด', '1', '1', '2022-09-24 03:43:20', NULL, '', NULL),
(241, 'ชีวมวล', '1', '1', '2022-09-24 03:43:20', NULL, '', NULL),
(242, 'ดูดซับ', '1', '1', '2022-09-24 03:43:20', NULL, '', NULL),
(243, 'ปลอดภัย', '1', '1', '2022-09-24 03:43:20', NULL, '', NULL),
(244, 'ปิรามิค', '1', '1', '2022-09-24 03:43:20', NULL, '', NULL),
(245, 'สุขภาพ', '1', '1', '2022-09-24 03:43:20', NULL, '', NULL),
(246, 'หลักการ', '1', '1', '2022-09-24 03:43:20', NULL, '', NULL),
(247, 'หลุด', '1', '1', '2022-09-24 03:43:20', NULL, '', NULL),
(248, 'เติบโต', '1', '1', '2022-09-24 03:43:20', NULL, '', NULL),
(249, 'ทับถม', '1', '1', '2022-09-24 03:43:20', NULL, '', NULL),
(250, 'บ่อ', '1', '1', '2022-09-24 03:43:20', NULL, '', NULL),
(251, 'ปฏิกิริยา', '1', '1', '2022-09-24 03:43:20', NULL, '', NULL),
(252, 'รักษา', '1', '1', '2022-09-24 03:43:20', NULL, '', NULL),
(253, 'ห่วงโซ่อาหาร', '1', '1', '2022-09-24 03:43:20', NULL, '', NULL),
(254, 'ฮีโมฟีเลีย', '1', '1', '2022-09-24 03:43:20', NULL, '', NULL),
(255, 'ก้อนหิน', '1', '1', '2022-09-24 03:43:20', NULL, '', NULL),
(256, 'กาก', '1', '1', '2022-09-24 03:43:20', NULL, '', NULL),
(257, 'กุ้ง', '1', '1', '2022-09-24 03:43:20', NULL, '', NULL),
(258, 'คอ', '1', '1', '2022-09-24 03:43:20', NULL, '', NULL),
(259, 'ดูด', '1', '1', '2022-09-24 03:43:20', NULL, '', NULL),
(260, 'ตาราง', '1', '1', '2022-09-24 03:43:20', NULL, '', NULL),
(261, 'รีด', '1', '1', '2022-09-24 03:43:20', NULL, '', NULL),
(262, 'รูปแบบ', '1', '1', '2022-09-24 03:43:20', NULL, '', NULL),
(263, 'ลอย', '1', '1', '2022-09-24 03:43:20', NULL, '', NULL),
(264, 'สระ', '1', '1', '2022-09-24 03:43:20', NULL, '', NULL),
(265, 'หัก', '1', '1', '2022-09-24 03:43:20', NULL, '', NULL),
(266, 'อายุ', '1', '1', '2022-09-24 03:43:20', NULL, '', NULL),
(267, 'เช้า', '1', '1', '2022-09-24 03:43:20', NULL, '', NULL),
(268, 'เน่า', '1', '1', '2022-09-24 03:43:20', NULL, '', NULL),
(269, 'เมณู', '1', '1', '2022-09-24 03:43:20', NULL, '', NULL),
(270, 'เรียบร้อย', '1', '1', '2022-09-24 03:43:20', NULL, '', NULL),
(271, 'เอ๊ะ', '1', '1', '2022-09-24 03:43:20', NULL, '', NULL),
(272, 'ครึ่ง', '1', '1', '2022-09-24 03:43:20', NULL, '', NULL),
(273, 'ตลอด', '1', '1', '2022-09-24 03:43:20', NULL, '', NULL),
(274, 'พยายาม', '1', '1', '2022-09-24 03:43:20', NULL, '', NULL),
(275, 'สวย', '1', '1', '2022-09-24 03:43:20', NULL, '', NULL),
(276, 'หลากหลาย', '1', '1', '2022-09-24 03:43:20', NULL, '', NULL),
(277, 'อักษร', '1', '1', '2022-09-24 03:43:20', NULL, '', NULL),
(278, 'แสงอาทิตย์', '1', '1', '2022-09-24 03:43:20', NULL, '', NULL),
(279, 'กระเพาะ', '1', '1', '2022-09-24 03:43:20', NULL, '', NULL),
(280, 'ขา', '1', '1', '2022-09-24 03:43:20', NULL, '', NULL),
(281, 'ผอม', '1', '1', '2022-09-24 03:43:20', NULL, '', NULL),
(282, 'พลาสติก', '1', '1', '2022-09-24 03:43:20', NULL, '', NULL),
(283, 'รูปร่าง', '1', '1', '2022-09-24 03:43:20', NULL, '', NULL),
(284, 'เกี่ยวข้อง', '1', '1', '2022-09-24 03:43:20', NULL, '', NULL),
(285, 'เพิ่มขึ้น', '1', '1', '2022-09-24 03:43:20', NULL, '', NULL),
(286, 'เม็ด', '1', '1', '2022-09-24 03:43:20', NULL, '', NULL),
(287, 'กระดาษ', '1', '1', '2022-09-24 03:43:20', NULL, '', NULL),
(288, 'ชาย', '1', '1', '2022-09-24 03:43:20', NULL, '', NULL),
(289, 'ญี่ปุ่น', '1', '1', '2022-09-24 03:43:20', NULL, '', NULL),
(290, 'ดอก', '1', '1', '2022-09-24 03:43:20', NULL, '', NULL),
(291, 'ต่ำ', '1', '1', '2022-09-24 03:43:20', NULL, '', NULL),
(292, 'ผัด', '1', '1', '2022-09-24 03:43:20', NULL, '', NULL),
(293, 'ผ้า', '1', '1', '2022-09-24 03:43:20', NULL, '', NULL),
(294, 'รอง', '1', '1', '2022-09-24 03:43:20', NULL, '', NULL),
(295, 'ลาวา', '1', '1', '2022-09-24 03:43:20', NULL, '', NULL),
(296, 'สะกด', '1', '1', '2022-09-24 03:43:20', NULL, '', NULL),
(297, 'อุ่น', '1', '1', '2022-09-24 03:43:20', NULL, '', NULL),
(298, 'เหยื่อ', '1', '1', '2022-09-24 03:43:20', NULL, '', NULL),
(299, 'ตะกอน', '1', '1', '2022-09-24 03:43:20', NULL, '', NULL),
(300, 'ฟิสิกส์', '1', '1', '2022-09-24 03:43:20', NULL, '', NULL),
(301, 'มิตร', '1', '1', '2022-09-24 03:43:20', NULL, '', NULL),
(302, 'หายใจ', '1', '1', '2022-09-24 03:43:20', NULL, '', NULL),
(303, 'แก้ว', '1', '1', '2022-09-24 03:43:20', NULL, '', NULL),
(304, 'เครื่องใช้ไฟฟ้า', '1', '1', '2022-09-24 03:43:20', NULL, '', NULL),
(305, 'เครื่องหมาย', '1', '1', '2022-09-24 03:43:20', NULL, '', NULL),
(306, 'เน้น', '1', '1', '2022-09-24 03:43:20', NULL, '', NULL),
(307, 'กิจกรรม', '1', '1', '2022-09-24 03:43:20', NULL, '', NULL),
(308, 'ค้นพบ', '1', '1', '2022-09-24 03:43:20', NULL, '', NULL),
(309, 'จืด', '1', '1', '2022-09-24 03:43:20', NULL, '', NULL),
(310, 'ชิ้น', '1', '1', '2022-09-24 03:43:20', NULL, '', NULL),
(311, 'ต้มยำ', '1', '1', '2022-09-24 03:43:20', NULL, '', NULL),
(312, 'ตรวจ', '1', '1', '2022-09-24 03:43:20', NULL, '', NULL),
(313, 'ท่าเรือ', '1', '1', '2022-09-24 03:43:20', NULL, '', NULL),
(314, 'ปฏิบัติ', '1', '1', '2022-09-24 03:43:20', NULL, '', NULL),
(315, 'ปรับ', '1', '1', '2022-09-24 03:43:20', NULL, '', NULL),
(316, 'ปักกิ่ง', '1', '1', '2022-09-24 03:43:20', NULL, '', NULL),
(317, 'พอดี', '1', '1', '2022-09-24 03:43:20', NULL, '', NULL),
(318, 'ระบาย', '1', '1', '2022-09-24 03:43:20', NULL, '', NULL),
(319, 'ระหว่าง', '1', '1', '2022-09-24 03:43:20', NULL, '', NULL),
(320, 'วงกลม', '1', '1', '2022-09-24 03:43:20', NULL, '', NULL),
(321, 'หยิก', '1', '1', '2022-09-24 03:43:20', NULL, '', NULL),
(322, 'อันดับ', '1', '1', '2022-09-24 03:43:20', NULL, '', NULL),
(323, 'แคลเซียม', '1', '1', '2022-09-24 03:43:20', NULL, '', NULL),
(324, 'ทำลาย', '1', '1', '2022-09-24 03:43:20', NULL, '', NULL),
(325, 'ฟิชชัน', '1', '1', '2022-09-24 03:43:20', NULL, '', NULL),
(326, 'เหา', '1', '1', '2022-09-24 03:43:20', NULL, '', NULL),
(327, 'แป้ง', '1', '1', '2022-09-24 03:43:20', NULL, '', NULL),
(328, 'แอบ', '1', '1', '2022-09-24 03:43:20', NULL, '', NULL),
(330, 'ขาย', '1', '1', '2022-09-24 03:43:20', NULL, '', NULL),
(331, 'ข่าว', '1', '1', '2022-09-24 03:43:20', NULL, '', NULL),
(332, 'ครีมกันแดด', '1', '1', '2022-09-24 03:43:20', NULL, '', NULL),
(333, 'ค้าง', '1', '1', '2022-09-24 03:43:20', NULL, '', NULL),
(334, 'คุณภาพ', '1', '1', '2022-09-24 03:43:20', NULL, '', NULL),
(335, 'คุย', '1', '1', '2022-09-24 03:43:20', NULL, '', NULL),
(336, 'ชุมชน', '1', '1', '2022-09-24 03:43:20', NULL, '', NULL),
(337, 'ทดสอบ', '1', '1', '2022-09-24 03:43:20', NULL, '', NULL),
(338, 'ปีก', '1', '1', '2022-09-24 03:43:20', NULL, '', NULL),
(339, 'ภาค', '1', '1', '2022-09-24 03:43:20', NULL, '', NULL),
(340, 'ม้า', '1', '1', '2022-09-24 03:43:20', NULL, '', NULL),
(341, 'ร่วม', '1', '1', '2022-09-24 03:43:20', NULL, '', NULL),
(342, 'ลงพุง', '1', '1', '2022-09-24 03:43:20', NULL, '', NULL),
(343, 'สบาย', '1', '1', '2022-09-24 03:43:20', NULL, '', NULL),
(344, 'สมัย', '1', '1', '2022-09-24 03:43:20', NULL, '', NULL),
(345, 'หุ้ม', '1', '1', '2022-09-24 03:43:20', NULL, '', NULL),
(346, 'กังหัน', '1', '1', '2022-09-24 03:43:20', NULL, '', NULL),
(347, 'ทรัพยากร', '1', '1', '2022-09-24 03:43:20', NULL, '', NULL),
(348, 'ทองแดง', '1', '1', '2022-09-24 03:43:20', NULL, '', NULL),
(349, 'ฟอสฟอรัส', '1', '1', '2022-09-24 03:43:20', NULL, '', NULL),
(350, 'ศักย์', '1', '1', '2022-09-24 03:43:20', NULL, '', NULL),
(351, 'สิ้นเปลือง', '1', '1', '2022-09-24 03:43:20', NULL, '', NULL),
(352, 'หมุนเวียน', '1', '1', '2022-09-24 03:43:20', NULL, '', NULL),
(353, 'อสุจิ', '1', '1', '2022-09-24 03:43:20', NULL, '', NULL),
(354, 'เงียบ', '1', '1', '2022-09-24 03:43:20', NULL, '', NULL),
(355, 'เจาะ', '1', '1', '2022-09-24 03:43:20', NULL, '', NULL),
(356, 'เนอะ', '1', '1', '2022-09-24 03:43:20', NULL, '', NULL),
(357, 'แนว', '1', '1', '2022-09-24 03:43:20', NULL, '', NULL),
(358, 'จุลชีวทยา', '1', '1', '2022-09-24 03:43:20', NULL, '', NULL),
(359, 'ตื่น', '1', '1', '2022-09-24 03:43:20', NULL, '', NULL),
(360, 'ถ้วน', '1', '1', '2022-09-24 03:43:20', NULL, '', NULL),
(361, 'นาข้าว', '1', '1', '2022-09-24 03:43:20', NULL, '', NULL),
(362, 'นิ่ง', '1', '1', '2022-09-24 03:43:20', NULL, '', NULL),
(363, 'ประยุกต์', '1', '1', '2022-09-24 03:43:20', NULL, '', NULL),
(364, 'ปริมาณ', '1', '1', '2022-09-24 03:43:20', NULL, '', NULL),
(365, 'ปลาการ์ตูน', '1', '1', '2022-09-24 03:43:20', NULL, '', NULL),
(366, 'ผง', '1', '1', '2022-09-24 03:43:20', NULL, '', NULL),
(367, 'ผลิตภัณฑ์', '1', '1', '2022-09-24 03:43:20', NULL, '', NULL),
(368, 'พระ', '1', '1', '2022-09-24 03:43:20', NULL, '', NULL),
(369, 'ภูเขา', '1', '1', '2022-09-24 03:43:20', NULL, '', NULL),
(370, 'ส่วนใหญ่', '1', '1', '2022-09-24 03:43:20', NULL, '', NULL),
(371, 'สวัสดี', '1', '1', '2022-09-24 03:43:20', NULL, '', NULL),
(372, 'หมา', '1', '1', '2022-09-24 03:43:20', NULL, '', NULL),
(373, 'เชื้อโรค', '1', '1', '2022-09-24 03:43:20', NULL, '', NULL),
(374, 'เพศหญิง', '1', '1', '2022-09-24 03:43:20', NULL, '', NULL),
(375, 'เฟิร์น', '1', '1', '2022-09-24 03:43:20', NULL, '', NULL),
(376, 'แรงโน้มถ่วง', '1', '1', '2022-09-24 03:43:20', NULL, '', NULL),
(377, 'ดอกไม้', '1', '1', '2022-09-24 03:43:20', NULL, '', NULL),
(378, 'สุดท้าย', '1', '1', '2022-09-24 03:43:20', NULL, '', NULL),
(379, 'กด', '1', '1', '2022-09-24 03:43:20', NULL, '', NULL),
(380, 'ฟัง', '1', '1', '2022-09-24 03:43:20', NULL, '', NULL),
(381, 'สอบ', '1', '1', '2022-09-24 03:43:20', NULL, '', NULL),
(382, 'เด่น', '1', '1', '2022-09-24 03:43:20', NULL, '', NULL),
(383, 'กลาง', '1', '1', '2022-09-24 03:43:20', NULL, '', NULL),
(384, 'ง่าย', '1', '1', '2022-09-24 03:43:20', NULL, '', NULL),
(385, 'จบ', '1', '1', '2022-09-24 03:43:20', NULL, '', NULL),
(386, 'ประเภท', '1', '1', '2022-09-24 03:43:20', NULL, '', NULL),
(387, 'สัญลักษณ์', '1', '1', '2022-09-24 03:43:20', NULL, '', NULL),
(388, 'จุลินทรีย์', '1', '1', '2022-09-24 03:43:20', NULL, '', NULL),
(389, 'ปี', '1', '1', '2022-09-24 03:43:20', NULL, '', NULL),
(390, 'อุณหภูมิ', '1', '1', '2022-09-24 03:43:20', NULL, '', NULL),
(391, 'เนื้อหา', '1', '1', '2022-09-24 03:43:20', NULL, '', NULL),
(392, 'นาน', '1', '1', '2022-09-24 03:43:20', NULL, '', NULL),
(393, 'ยีราฟ', '1', '1', '2022-09-24 03:43:20', NULL, '', NULL),
(394, 'หน้าตา', '1', '1', '2022-09-24 03:43:20', NULL, '', NULL),
(395, 'เพื่อ', '1', '1', '2022-09-24 03:43:20', NULL, '', NULL),
(396, 'ตัด', '1', '1', '2022-09-24 03:43:20', NULL, '', NULL),
(397, 'ขยะ', '1', '1', '2022-09-24 03:43:20', NULL, '', NULL),
(398, 'น้ำมัน', '1', '1', '2022-09-24 03:43:20', NULL, '', NULL),
(399, 'คำตอบ', '1', '1', '2022-09-24 03:43:20', NULL, '', NULL),
(400, 'บาท', '1', '1', '2022-09-24 03:43:20', NULL, '', NULL),
(401, 'แร่', '1', '1', '2022-09-24 03:43:20', NULL, '', NULL),
(402, 'ถ่านหิน', '1', '1', '2022-09-24 03:43:20', NULL, '', NULL),
(403, 'น้ำตาล', '1', '1', '2022-09-24 03:43:20', NULL, '', NULL),
(404, 'ผัก', '1', '1', '2022-09-24 03:43:20', NULL, '', NULL),
(405, 'พันธุกรรม', '1', '1', '2022-09-24 03:43:20', NULL, '', NULL),
(406, 'อ้วน', '1', '1', '2022-09-24 03:43:20', NULL, '', NULL),
(407, 'เคลื่อนที่', '1', '1', '2022-09-24 03:43:20', NULL, '', NULL),
(408, 'เมือง', '1', '1', '2022-09-24 03:43:20', NULL, '', NULL),
(409, 'สึนามิ', '1', '1', '2022-09-24 03:43:20', NULL, '', NULL),
(410, 'เฉพาะ', '1', '1', '2022-09-24 03:43:20', NULL, '', NULL),
(411, 'หลัก', '1', '1', '2022-09-24 03:43:20', NULL, '', NULL),
(412, 'เลข', '1', '1', '2022-09-24 03:43:20', NULL, '', NULL),
(413, 'สั้น', '1', '1', '2022-09-24 03:43:20', NULL, '', NULL),
(414, 'ใต้', '1', '1', '2022-09-24 03:43:20', NULL, '', NULL),
(415, 'เนื้อ', '1', '1', '2022-09-24 03:43:20', NULL, '', NULL),
(416, 'เคมี', '1', '1', '2022-09-24 03:43:20', NULL, '', NULL),
(417, 'ไข่', '1', '1', '2022-09-24 03:43:20', NULL, '', NULL),
(418, 'ทำงาน', '1', '1', '2022-09-24 03:43:20', NULL, '', NULL),
(419, 'ม่วง', '1', '1', '2022-09-24 03:43:20', NULL, '', NULL),
(420, 'เกาะ', '1', '1', '2022-09-24 03:43:20', NULL, '', NULL),
(421, 'เต็ม', '1', '1', '2022-09-24 03:43:20', NULL, '', NULL),
(422, 'แมลง', '1', '1', '2022-09-24 03:43:20', NULL, '', NULL),
(423, 'ขนาด', '1', '1', '2022-09-24 03:43:20', NULL, '', NULL),
(424, 'นอกเหนือ', '1', '1', '2022-09-24 03:43:20', NULL, '', NULL),
(425, 'กลิ่น', '1', '1', '2022-09-24 03:43:20', NULL, '', NULL),
(426, 'น้ำหนัก', '1', '1', '2022-09-24 03:43:20', NULL, '', NULL),
(427, 'อันตราย', '1', '1', '2022-09-24 03:43:20', NULL, '', NULL),
(428, 'เห็ด', '1', '1', '2022-09-24 03:43:20', NULL, '', NULL),
(429, 'ความรู้', '1', '1', '2022-09-24 03:43:20', NULL, '', NULL),
(430, 'คาร์โบไฮเดรต', '1', '1', '2022-09-24 03:43:20', NULL, '', NULL),
(431, 'ป่า', '1', '1', '2022-09-24 03:43:20', NULL, '', NULL),
(432, 'ราก', '1', '1', '2022-09-24 03:43:20', NULL, '', NULL),
(433, 'แทน', '1', '1', '2022-09-24 03:43:20', NULL, '', NULL),
(434, 'รอก', '1', '1', '2022-09-24 03:43:20', NULL, '', NULL),
(435, 'แสง', '1', '1', '2022-09-24 03:43:20', NULL, '', NULL),
(436, 'ฝั่ง', '1', '1', '2022-09-24 03:43:20', NULL, '', NULL),
(437, 'ศุกร์', '1', '1', '2022-09-24 03:43:20', NULL, '', NULL),
(438, 'กฎ', '1', '1', '2022-09-24 03:43:20', NULL, '', NULL),
(439, 'หมุน', '1', '1', '2022-09-24 03:43:20', NULL, '', NULL),
(440, 'หมัก', '1', '1', '2022-09-24 03:43:20', NULL, '', NULL),
(441, 'ห้าม', '1', '1', '2022-09-24 03:43:20', NULL, '', NULL),
(442, 'บอด', '1', '1', '2022-09-24 03:43:20', NULL, '', NULL),
(443, 'เมื่อวาน', '1', '1', '2022-09-24 03:43:20', NULL, '', NULL),
(444, 'ไหว', '1', '1', '2022-09-24 03:43:20', NULL, '', NULL),
(445, 'ขาว', '1', '1', '2022-09-24 03:43:20', NULL, '', NULL),
(446, 'งู', '1', '1', '2022-09-24 03:43:20', NULL, '', NULL),
(447, 'ช่วง', '1', '1', '2022-09-24 03:43:20', NULL, '', NULL),
(448, 'รอบ', '1', '1', '2022-09-24 03:43:20', NULL, '', NULL),
(449, 'โปรตีน', '1', '1', '2022-09-24 03:43:20', NULL, '', NULL),
(450, 'โทร', '1', '1', '2022-09-24 03:43:20', NULL, '', NULL),
(451, 'กำจัด', '1', '1', '2022-09-24 03:43:20', NULL, '', NULL),
(452, 'ลำดับ', '1', '1', '2022-09-24 03:43:20', NULL, '', NULL),
(453, 'ว่าง', '1', '1', '2022-09-24 03:43:20', NULL, '', NULL),
(454, 'ศูนย์', '1', '1', '2022-09-24 03:43:20', NULL, '', NULL),
(455, 'แย่', '1', '1', '2022-09-24 03:43:20', NULL, '', NULL),
(456, 'ขยาย', '1', '1', '2022-09-24 03:43:20', NULL, '', NULL),
(457, 'ขาด', '1', '1', '2022-09-24 03:43:20', NULL, '', NULL),
(458, 'ตั้ง', '1', '1', '2022-09-24 03:43:20', NULL, '', NULL),
(459, 'ล่าง', '1', '1', '2022-09-24 03:43:20', NULL, '', NULL),
(460, 'ทฤษฎี', '1', '1', '2022-09-24 03:43:20', NULL, '', NULL),
(461, 'ภาวะ', '1', '1', '2022-09-24 03:43:20', NULL, '', NULL),
(462, 'โครโมโซม', '1', '1', '2022-09-24 03:43:20', NULL, '', NULL),
(463, 'ครั้ง', '1', '1', '2022-09-24 03:43:20', NULL, '', NULL),
(464, 'ทอดทิ้ง', '1', '1', '2022-09-24 03:43:20', NULL, '', NULL),
(465, 'นึก', '1', '1', '2022-09-24 03:43:20', NULL, '', NULL),
(466, 'บางที', '1', '1', '2022-09-24 03:43:20', NULL, '', NULL),
(467, 'รุ่น', '1', '1', '2022-09-24 03:43:20', NULL, '', NULL),
(468, 'ลาก', '1', '1', '2022-09-24 03:43:20', NULL, '', NULL),
(469, 'หาย', '1', '1', '2022-09-24 03:43:20', NULL, '', NULL),
(470, 'สงสัย', '1', '1', '2022-09-24 03:43:20', NULL, '', NULL),
(471, 'หัวล้าน', '1', '1', '2022-09-24 03:43:20', NULL, '', NULL),
(472, 'แก้', '1', '1', '2022-09-24 03:43:20', NULL, '', NULL),
(473, 'ข้อสอบ', '1', '1', '2022-09-24 03:43:20', NULL, '', NULL),
(474, 'สภาพ', '1', '1', '2022-09-24 03:43:20', NULL, '', NULL),
(475, 'นิวเคลียร์', '1', '1', '2022-09-24 03:43:20', NULL, '', NULL),
(476, 'เท่านั้น', '1', '1', '2022-09-24 03:43:20', NULL, '', NULL),
(477, 'ก่อ', '1', '1', '2022-09-24 03:43:20', NULL, '', NULL),
(478, 'บิน', '1', '1', '2022-09-24 03:43:20', NULL, '', NULL),
(479, 'ปิด', '1', '1', '2022-09-24 03:43:20', NULL, '', NULL),
(480, 'ผิว', '1', '1', '2022-09-24 03:43:20', NULL, '', NULL),
(481, 'พา', '1', '1', '2022-09-24 03:43:20', NULL, '', NULL),
(482, 'ลืม', '1', '1', '2022-09-24 03:43:20', NULL, '', NULL),
(484, 'ยูวี', '1', '1', '2022-09-24 03:43:20', NULL, '', NULL),
(485, 'สิ่งแสดล้อม', '1', '1', '2022-09-24 03:43:20', NULL, '', NULL),
(486, 'สรุป', '1', '1', '2022-09-24 03:43:20', NULL, '', NULL),
(488, 'คาร์บอน', '1', '1', '2022-09-24 03:43:20', NULL, '', NULL),
(489, 'กำหนด', '1', '1', '2022-09-24 03:43:20', NULL, '', NULL),
(490, 'ละเอียด', '1', '1', '2022-09-24 03:43:20', NULL, '', NULL),
(491, 'แผ่นดินไหว', '1', '1', '2022-09-24 03:43:20', NULL, '', NULL),
(492, 'รังสี', '1', '1', '2022-09-24 03:43:20', NULL, '', NULL),
(493, 'สะอาด', '1', '1', '2022-09-24 03:43:20', NULL, '', NULL),
(494, 'อธิบาย', '1', '1', '2022-09-24 03:43:20', NULL, '', NULL),
(495, 'เล่น', '1', '1', '2022-09-24 03:43:20', NULL, '', NULL),
(496, 'กลม', '1', '1', '2022-09-24 03:43:20', NULL, '', NULL),
(497, 'เปลี่ยนแปลง', '1', '1', '2022-09-24 03:43:20', NULL, '', NULL),
(498, 'พื้นที่', '1', '1', '2022-09-24 03:43:20', NULL, '', NULL),
(499, 'กระทบ', '1', '1', '2022-09-24 03:43:20', NULL, '', NULL),
(500, 'ถ่ายทอด', '1', '1', '2022-09-24 03:43:20', NULL, '', NULL),
(501, 'test', '1', '2', NULL, NULL, '', NULL),
(502, 'ธรรมดา', '2', '1', NULL, NULL, '', NULL),
(503, 'test2', '2', '2', NULL, NULL, '', NULL),
(504, 'something', '2', '2', NULL, NULL, '', NULL),
(505, 'r', '2', '1', '2022-10-01 16:05:37', '2022-10-03 09:25:06', '', '2022-10-03 09:25:06'),
(506, 'r', '2', '1', '2022-10-01 16:06:32', '2022-10-01 16:06:32', '', NULL),
(507, 'พ', '1', '1', '2022-10-01 16:07:32', '2022-10-01 16:07:32', '', NULL),
(508, 'พ', '3', 'เลือกภาษา', '2022-10-01 16:09:53', '2022-10-01 16:09:53', '', NULL),
(509, 'พ', '1', '1', '2022-10-01 16:10:33', '2022-10-01 16:10:33', '', NULL),
(510, 'พ', '1', 'เลือกภาษา', '2022-10-01 16:11:06', '2022-10-01 16:11:06', '', NULL),
(511, 'ไ', 'เลือกระดับความยาก', 'เลือกภาษา', '2022-10-01 16:11:46', '2022-10-01 16:11:46', '', NULL),
(512, 'พ', 'เลือกระดับความยาก', 'เลือกภาษา', '2022-10-01 16:12:59', '2022-10-01 16:12:59', '', NULL),
(513, 'ไ', 'เลือกระดับความยาก', 'เลือกภาษา', '2022-10-01 16:13:31', '2022-10-01 16:13:31', '', NULL),
(514, 'พ', '1', '1', '2022-10-01 16:14:30', '2022-10-01 16:14:30', '', NULL),
(515, 'r', '3', '1', '2022-10-01 16:14:42', '2022-10-05 04:58:19', '', '2022-10-05 04:58:19'),
(516, 'พ', 'เลือกระดับความยาก', 'เลือกภาษา', '2022-10-01 16:16:18', '2022-10-02 17:51:08', '', '2022-10-02 17:51:08'),
(519, 'a', '1', '2', '2022-10-02 17:46:58', '2022-10-02 17:46:58', 'peera', NULL),
(520, 'b', '1', '1', '2022-10-02 17:53:25', '2022-10-02 17:53:25', 'peera', NULL),
(522, 'สับปะรด', '1', '1', '2022-10-05 04:55:44', '2022-10-05 04:55:44', 'natpacan sribanhad', NULL);

--
-- Indexes for dumped tables
--

--
-- Indexes for table `difficulties`
--
ALTER TABLE `difficulties`
  ADD PRIMARY KEY (`id`);

--
-- Indexes for table `failed_jobs`
--
ALTER TABLE `failed_jobs`
  ADD PRIMARY KEY (`id`),
  ADD UNIQUE KEY `failed_jobs_uuid_unique` (`uuid`);

--
-- Indexes for table `languages`
--
ALTER TABLE `languages`
  ADD PRIMARY KEY (`id`);

--
-- Indexes for table `lessonparts`
--
ALTER TABLE `lessonparts`
  ADD PRIMARY KEY (`id`);

--
-- Indexes for table `lessonpart_ns`
--
ALTER TABLE `lessonpart_ns`
  ADD PRIMARY KEY (`id`),
  ADD KEY `lessonpart_ns_language_id_foreign` (`language_id`),
  ADD KEY `lessonpart_ns_lessontitle_id_foreign` (`lessontitle_id`);

--
-- Indexes for table `lessonstat_ns`
--
ALTER TABLE `lessonstat_ns`
  ADD PRIMARY KEY (`id`),
  ADD KEY `lessonstat_ns_user_id_foreign` (`User_id`),
  ADD KEY `lessonstat_ns_lessonpart_n_id_foreign` (`lessonpart_n_id`);

--
-- Indexes for table `lessontitles`
--
ALTER TABLE `lessontitles`
  ADD PRIMARY KEY (`id`);

--
-- Indexes for table `migrations`
--
ALTER TABLE `migrations`
  ADD PRIMARY KEY (`id`);

--
-- Indexes for table `password_resets`
--
ALTER TABLE `password_resets`
  ADD KEY `password_resets_email_index` (`email`);

--
-- Indexes for table `personal_access_tokens`
--
ALTER TABLE `personal_access_tokens`
  ADD PRIMARY KEY (`id`),
  ADD UNIQUE KEY `personal_access_tokens_token_unique` (`token`),
  ADD KEY `personal_access_tokens_tokenable_type_tokenable_id_index` (`tokenable_type`,`tokenable_id`);

--
-- Indexes for table `sessions`
--
ALTER TABLE `sessions`
  ADD PRIMARY KEY (`id`),
  ADD KEY `sessions_user_id_index` (`user_id`),
  ADD KEY `sessions_last_activity_index` (`last_activity`);

--
-- Indexes for table `testclick_models`
--
ALTER TABLE `testclick_models`
  ADD PRIMARY KEY (`id`);

--
-- Indexes for table `testlessons`
--
ALTER TABLE `testlessons`
  ADD PRIMARY KEY (`id`);

--
-- Indexes for table `teststats`
--
ALTER TABLE `teststats`
  ADD PRIMARY KEY (`id`);

--
-- Indexes for table `typingstat_ns`
--
ALTER TABLE `typingstat_ns`
  ADD PRIMARY KEY (`typingstat_id`),
  ADD KEY `typingstat_ns_difficulties_id_foreign` (`difficulties_id`),
  ADD KEY `typingstat_ns_languages_id_foreign` (`languages_id`),
  ADD KEY `typingstat_ns_user_id_foreign` (`User_id`);

--
-- Indexes for table `users`
--
ALTER TABLE `users`
  ADD PRIMARY KEY (`id`),
  ADD UNIQUE KEY `users_email_unique` (`email`);

--
-- Indexes for table `words`
--
ALTER TABLE `words`
  ADD PRIMARY KEY (`id`),
  ADD KEY `words_difficulties_id_foreign` (`difficulties_id`),
  ADD KEY `words_languages_id_foreign` (`languages_id`);

--
-- Indexes for table `word_models`
--
ALTER TABLE `word_models`
  ADD PRIMARY KEY (`id`);

--
-- AUTO_INCREMENT for dumped tables
--

--
-- AUTO_INCREMENT for table `difficulties`
--
ALTER TABLE `difficulties`
  MODIFY `id` bigint(20) UNSIGNED NOT NULL AUTO_INCREMENT, AUTO_INCREMENT=4;

--
-- AUTO_INCREMENT for table `failed_jobs`
--
ALTER TABLE `failed_jobs`
  MODIFY `id` bigint(20) UNSIGNED NOT NULL AUTO_INCREMENT;

--
-- AUTO_INCREMENT for table `languages`
--
ALTER TABLE `languages`
  MODIFY `id` bigint(20) UNSIGNED NOT NULL AUTO_INCREMENT, AUTO_INCREMENT=3;

--
-- AUTO_INCREMENT for table `lessonparts`
--
ALTER TABLE `lessonparts`
  MODIFY `id` bigint(20) UNSIGNED NOT NULL AUTO_INCREMENT, AUTO_INCREMENT=63;

--
-- AUTO_INCREMENT for table `lessonpart_ns`
--
ALTER TABLE `lessonpart_ns`
  MODIFY `id` bigint(20) UNSIGNED NOT NULL AUTO_INCREMENT, AUTO_INCREMENT=44;

--
-- AUTO_INCREMENT for table `lessonstat_ns`
--
ALTER TABLE `lessonstat_ns`
  MODIFY `id` bigint(20) UNSIGNED NOT NULL AUTO_INCREMENT;

--
-- AUTO_INCREMENT for table `lessontitles`
--
ALTER TABLE `lessontitles`
  MODIFY `id` bigint(20) UNSIGNED NOT NULL AUTO_INCREMENT, AUTO_INCREMENT=21;

--
-- AUTO_INCREMENT for table `migrations`
--
ALTER TABLE `migrations`
  MODIFY `id` int(10) UNSIGNED NOT NULL AUTO_INCREMENT, AUTO_INCREMENT=30;

--
-- AUTO_INCREMENT for table `personal_access_tokens`
--
ALTER TABLE `personal_access_tokens`
  MODIFY `id` bigint(20) UNSIGNED NOT NULL AUTO_INCREMENT;

--
-- AUTO_INCREMENT for table `testclick_models`
--
ALTER TABLE `testclick_models`
  MODIFY `id` bigint(20) UNSIGNED NOT NULL AUTO_INCREMENT, AUTO_INCREMENT=66;

--
-- AUTO_INCREMENT for table `testlessons`
--
ALTER TABLE `testlessons`
  MODIFY `id` bigint(20) UNSIGNED NOT NULL AUTO_INCREMENT, AUTO_INCREMENT=9;

--
-- AUTO_INCREMENT for table `teststats`
--
ALTER TABLE `teststats`
  MODIFY `id` bigint(20) UNSIGNED NOT NULL AUTO_INCREMENT, AUTO_INCREMENT=120;

--
-- AUTO_INCREMENT for table `typingstat_ns`
--
ALTER TABLE `typingstat_ns`
  MODIFY `typingstat_id` bigint(20) UNSIGNED NOT NULL AUTO_INCREMENT;

--
-- AUTO_INCREMENT for table `users`
--
ALTER TABLE `users`
  MODIFY `id` bigint(20) UNSIGNED NOT NULL AUTO_INCREMENT, AUTO_INCREMENT=5;

--
-- AUTO_INCREMENT for table `words`
--
ALTER TABLE `words`
  MODIFY `id` bigint(20) UNSIGNED NOT NULL AUTO_INCREMENT, AUTO_INCREMENT=528;

--
-- AUTO_INCREMENT for table `word_models`
--
ALTER TABLE `word_models`
  MODIFY `id` bigint(20) UNSIGNED NOT NULL AUTO_INCREMENT, AUTO_INCREMENT=523;

--
-- Constraints for dumped tables
--

--
-- Constraints for table `lessonpart_ns`
--
ALTER TABLE `lessonpart_ns`
  ADD CONSTRAINT `lessonpart_ns_language_id_foreign` FOREIGN KEY (`language_id`) REFERENCES `languages` (`id`),
  ADD CONSTRAINT `lessonpart_ns_lessontitle_id_foreign` FOREIGN KEY (`lessontitle_id`) REFERENCES `lessontitles` (`id`);

--
-- Constraints for table `lessonstat_ns`
--
ALTER TABLE `lessonstat_ns`
  ADD CONSTRAINT `lessonstat_ns_lessonpart_n_id_foreign` FOREIGN KEY (`lessonpart_n_id`) REFERENCES `lessonpart_ns` (`id`),
  ADD CONSTRAINT `lessonstat_ns_user_id_foreign` FOREIGN KEY (`User_id`) REFERENCES `users` (`id`);

--
-- Constraints for table `typingstat_ns`
--
ALTER TABLE `typingstat_ns`
  ADD CONSTRAINT `typingstat_ns_difficulties_id_foreign` FOREIGN KEY (`difficulties_id`) REFERENCES `difficulties` (`id`),
  ADD CONSTRAINT `typingstat_ns_languages_id_foreign` FOREIGN KEY (`languages_id`) REFERENCES `languages` (`id`),
  ADD CONSTRAINT `typingstat_ns_user_id_foreign` FOREIGN KEY (`User_id`) REFERENCES `users` (`id`);

--
-- Constraints for table `words`
--
ALTER TABLE `words`
  ADD CONSTRAINT `words_difficulties_id_foreign` FOREIGN KEY (`difficulties_id`) REFERENCES `difficulties` (`id`),
  ADD CONSTRAINT `words_languages_id_foreign` FOREIGN KEY (`languages_id`) REFERENCES `languages` (`id`);
COMMIT;

/*!40101 SET CHARACTER_SET_CLIENT=@OLD_CHARACTER_SET_CLIENT */;
/*!40101 SET CHARACTER_SET_RESULTS=@OLD_CHARACTER_SET_RESULTS */;
/*!40101 SET COLLATION_CONNECTION=@OLD_COLLATION_CONNECTION */;
